club,club_id,club_url,player_count,represented_countries,total_market_value_eur,player_count_rank
Manchester City,281,https://www.transfermarkt.com/manchester-city/startseite/verein/281,19,12,1081000000,1
Bayern Munich,27,https://www.transfermarkt.com/fc-bayern-munchen/startseite/verein/27,18,10,873000000,2
Arsenal FC,11,https://www.transfermarkt.com/fc-arsenal/startseite/verein/11,16,10,1018000000,3
Paris Saint-Germain,583,https://www.transfermarkt.com/fc-paris-saint-germain/startseite/verein/583,15,8,1054000000,4
FC Barcelona,131,https://www.transfermarkt.com/fc-barcelona/startseite/verein/131,14,7,904000000,5
Atlético de Madrid,13,https://www.transfermarkt.com/atletico-madrid/startseite/verein/13,12,5,327000000,6
Crystal Palace,873,https://www.transfermarkt.com/crystal-palace/startseite/verein/873,12,10,324000000,6
Al-Hilal SFC,1114,https://www.transfermarkt.com/al-hilal-riad/startseite/verein/1114,12,6,93700000,6
Liverpool FC,31,https://www.transfermarkt.com/fc-liverpool/startseite/verein/31,11,9,503000000,9
Manchester United,985,https://www.transfermarkt.com/manchester-united/startseite/verein/985,11,9,384000000,9
Borussia Dortmund,16,https://www.transfermarkt.com/borussia-dortmund/startseite/verein/16,11,7,286500000,9
Galatasaray,141,https://www.transfermarkt.com/galatasaray-istanbul/startseite/verein/141,11,6,165000000,9
Real Madrid,418,https://www.transfermarkt.com/real-madrid/startseite/verein/418,10,9,840500000,13
AC Milan,5,https://www.transfermarkt.com/ac-mailand/startseite/verein/5,10,8,229500000,13
PSV Eindhoven,383,https://www.transfermarkt.com/psv-eindhoven/startseite/verein/383,10,8,158200000,13
Fenerbahce,36,https://www.transfermarkt.com/fenerbahce-istanbul/startseite/verein/36,10,5,88000000,13
SK Slavia Prague,62,https://www.transfermarkt.com/sk-slavia-prag/startseite/verein/62,10,1,51200000,13
Aston Villa,405,https://www.transfermarkt.com/aston-villa/startseite/verein/405,9,6,266000000,18
Sunderland AFC,289,https://www.transfermarkt.com/afc-sunderland/startseite/verein/289,9,8,209000000,18
CR Flamengo,614,https://www.transfermarkt.com/flamengo-rio-de-janeiro/startseite/verein/614,9,4,92000000,18
Al-Ahli SFC,18487,https://www.transfermarkt.com/al-ahli-dschidda/startseite/verein/18487,9,7,80500000,18
Al-Nassr FC,18544,https://www.transfermarkt.com/al-nasr-riad/startseite/verein/18544,9,3,49625000,18
Al Ahly FC,7,https://www.transfermarkt.com/el-ahly-kairo/startseite/verein/7,9,2,20675000,18
Chelsea FC,631,https://www.transfermarkt.com/fc-chelsea/startseite/verein/631,8,8,457000000,24
Newcastle United,762,https://www.transfermarkt.com/newcastle-united/startseite/verein/762,8,5,341000000,24
Tottenham Hotspur,148,https://www.transfermarkt.com/tottenham-hotspur/startseite/verein/148,8,8,265000000,24
Brighton & Hove Albion,1237,https://www.transfermarkt.com/brighton-amp-hove-albion/startseite/verein/1237,8,6,229500000,24
VfB Stuttgart,79,https://www.transfermarkt.com/vfb-stuttgart/startseite/verein/79,8,5,193000000,24
Eintracht Frankfurt,24,https://www.transfermarkt.com/eintracht-frankfurt/startseite/verein/24,8,8,159000000,24
SL Benfica,294,https://www.transfermarkt.com/benfica-lissabon/startseite/verein/294,8,7,136000000,24
LOSC Lille,1082,https://www.transfermarkt.com/losc-lille/startseite/verein/1082,8,4,134000000,24
Olympique Marseille,244,https://www.transfermarkt.com/olympique-marseille/startseite/verein/244,8,6,132500000,24
Villarreal CF,1050,https://www.transfermarkt.com/fc-villarreal/startseite/verein/1050,8,7,115000000,24
TSG 1899 Hoffenheim,533,https://www.transfermarkt.com/tsg-1899-hoffenheim/startseite/verein/533,8,6,91500000,24
OGC Nice,417,https://www.transfermarkt.com/ogc-nizza/startseite/verein/417,8,7,68500000,24
Celtic FC,371,https://www.transfermarkt.com/celtic-glasgow/startseite/verein/371,8,7,60500000,24
Mamelodi Sundowns FC,6356,https://www.transfermarkt.com/mamelodi-sundowns-fc/startseite/verein/6356,8,1,11900000,24
Orlando Pirates,2557,https://www.transfermarkt.com/orlando-pirates/startseite/verein/2557,8,1,11650000,24
Inter Milan,46,https://www.transfermarkt.com/inter-mailand/startseite/verein/46,7,7,268000000,39
Sporting CP,336,https://www.transfermarkt.com/sporting-lissabon/startseite/verein/336,7,5,222000000,39
Bayer 04 Leverkusen,15,https://www.transfermarkt.com/bayer-04-leverkusen/startseite/verein/15,7,7,189000000,39
RC Strasbourg Alsace,667,https://www.transfermarkt.com/rc-strassburg-alsace/startseite/verein/667,7,5,169000000,39
Atalanta BC,800,https://www.transfermarkt.com/atalanta-bergamo/startseite/verein/800,7,7,97200000,39
Sociedade Esportiva Palmeiras,1023,https://www.transfermarkt.com/se-palmeiras-sao-paulo/startseite/verein/1023,7,4,87000000,39
Real Betis Balompié,150,https://www.transfermarkt.com/real-betis-sevilla/startseite/verein/150,7,6,82900000,39
FC Viktoria Plzen,941,https://www.transfermarkt.com/fc-viktoria-pilsen/startseite/verein/941,7,5,22700000,39
Al-Duhail SC,26091,https://www.transfermarkt.com/al-duhail-sc/startseite/verein/26091,7,2,8375000,39
Juventus FC,506,https://www.transfermarkt.com/juventus-turin/startseite/verein/506,6,6,214000000,48
AS Roma,12,https://www.transfermarkt.com/as-rom/startseite/verein/12,6,6,207000000,48
AS Monaco,162,https://www.transfermarkt.com/as-monaco/startseite/verein/162,6,5,183000000,48
Fulham FC,931,https://www.transfermarkt.com/fc-fulham/startseite/verein/931,6,5,94000000,48
1.FSV Mainz 05,39,https://www.transfermarkt.com/1-fsv-mainz-05/startseite/verein/39,6,5,67300000,48
Wolverhampton Wanderers,543,https://www.transfermarkt.com/wolverhampton-wanderers/startseite/verein/543,6,6,65500000,48
Al-Qadsiah FC,26069,https://www.transfermarkt.com/al-qadisiyah-fc/startseite/verein/26069,6,3,30975000,48
Persepolis FC,6079,https://www.transfermarkt.com/persepolis-fc/startseite/verein/6079,6,2,8100000,48
Esteghlal FC,1076,https://www.transfermarkt.com/esteghlal-fc/startseite/verein/1076,6,3,5000000,48
Al-Hussein SC (Irbid),15795,https://www.transfermarkt.com/al-hussein-sc-irbid-/startseite/verein/15795,6,1,1825000,48
RB Leipzig,23826,https://www.transfermarkt.com/rasenballsport-leipzig/startseite/verein/23826,5,4,182000000,58
AFC Bournemouth,989,https://www.transfermarkt.com/afc-bournemouth/startseite/verein/989,5,4,133000000,58
Nottingham Forest,703,https://www.transfermarkt.com/nottingham-forest/startseite/verein/703,5,5,133000000,58
Olympique Lyon,1041,https://www.transfermarkt.com/olympique-lyon/startseite/verein/1041,5,5,89000000,58
Real Sociedad,681,https://www.transfermarkt.com/real-sociedad-san-sebastian/startseite/verein/681,5,4,74000000,58
Feyenoord Rotterdam,234,https://www.transfermarkt.com/feyenoord-rotterdam/startseite/verein/234,5,4,69000000,58
Club Brugge KV,2282,https://www.transfermarkt.com/fc-brugge/startseite/verein/2282,5,3,61000000,58
Bologna FC 1909,1025,https://www.transfermarkt.com/fc-bologna/startseite/verein/1025,5,5,59000000,58
VfL Wolfsburg,82,https://www.transfermarkt.com/vfl-wolfsburg/startseite/verein/82,5,5,54000000,58
Burnley FC,1132,https://www.transfermarkt.com/fc-burnley/startseite/verein/1132,5,5,40000000,58
Deportivo Guadalajara,6711,https://www.transfermarkt.com/deportivo-guadalajara/startseite/verein/6711,5,1,40000000,58
Borussia Mönchengladbach,18,https://www.transfermarkt.com/borussia-monchengladbach/startseite/verein/18,5,4,32500000,58
Basaksehir FK,6890,https://www.transfermarkt.com/istanbul-basaksehir-fk/startseite/verein/6890,5,4,23400000,58
CA River Plate,209,https://www.transfermarkt.com/club-atletico-river-plate/startseite/verein/209,5,4,22800000,58
Norwich City,1123,https://www.transfermarkt.com/norwich-city/startseite/verein/1123,5,5,22400000,58
Rangers FC,124,https://www.transfermarkt.com/glasgow-rangers/startseite/verein/124,5,3,19600000,58
BSC Young Boys,452,https://www.transfermarkt.com/bsc-young-boys/startseite/verein/452,5,4,19000000,58
Al-Sadd SC,656,https://www.transfermarkt.com/al-sadd-sc/startseite/verein/656,5,1,9350000,58
Pyramids FC,44664,https://www.transfermarkt.com/pyramids-fc/startseite/verein/44664,5,3,7650000,58
Pakhtakor Tashkent,3718,https://www.transfermarkt.com/pakhtakor-tashkent/startseite/verein/3718,5,2,5400000,58
Tractor FC,12935,https://www.transfermarkt.com/tractor-fc/startseite/verein/12935,5,2,5150000,58
Auckland FC,118373,https://www.transfermarkt.com/auckland-fc/startseite/verein/118373,5,1,2750000,58
SC Freiburg,60,https://www.transfermarkt.com/sc-freiburg/startseite/verein/60,4,4,106000000,80
Brentford FC,1148,https://www.transfermarkt.com/fc-brentford/startseite/verein/1148,4,4,100200000,80
Athletic Bilbao,621,https://www.transfermarkt.com/athletic-bilbao/startseite/verein/621,4,2,94000000,80
West Ham United,379,https://www.transfermarkt.com/west-ham-united/startseite/verein/379,4,4,88000000,80
Leeds United,399,https://www.transfermarkt.com/leeds-united/startseite/verein/399,4,4,80000000,80
Everton FC,29,https://www.transfermarkt.com/fc-everton/startseite/verein/29,4,3,78500000,80
US Sassuolo,6574,https://www.transfermarkt.com/us-sassuolo/startseite/verein/6574,4,4,72000000,80
SSC Napoli,6195,https://www.transfermarkt.com/ssc-neapel/startseite/verein/6195,4,3,69000000,80
Besiktas JK,114,https://www.transfermarkt.com/besiktas-istanbul/startseite/verein/114,4,4,63000000,80
SC Braga,1075,https://www.transfermarkt.com/sc-braga/startseite/verein/1075,4,4,60500000,80
RC Lens,826,https://www.transfermarkt.com/rc-lens/startseite/verein/826,4,4,48000000,80
Stade Rennais FC,273,https://www.transfermarkt.com/fc-stade-rennes/startseite/verein/273,4,4,38000000,80
CF América,3631,https://www.transfermarkt.com/cf-america/startseite/verein/3631,4,3,29000000,80
Ajax Amsterdam,610,https://www.transfermarkt.com/ajax-amsterdam/startseite/verein/610,4,3,27000000,80
KRC Genk,1184,https://www.transfermarkt.com/krc-genk/startseite/verein/1184,4,4,25000000,80
FC Augsburg,167,https://www.transfermarkt.com/fc-augsburg/startseite/verein/167,4,4,24500000,80
Los Angeles FC,51828,https://www.transfermarkt.com/los-angeles-fc/startseite/verein/51828,4,2,24300000,80
Al-Ittihad Club,8023,https://www.transfermarkt.com/al-ittihad-dschidda/startseite/verein/8023,4,3,21850000,80
FC Midtjylland,865,https://www.transfermarkt.com/fc-midtjylland/startseite/verein/865,4,3,16500000,80
AJ Auxerre,290,https://www.transfermarkt.com/aj-auxerre/startseite/verein/290,4,2,14000000,80
Clube Atlético Mineiro,330,https://www.transfermarkt.com/clube-atletico-mineiro/startseite/verein/330,4,2,12500000,80
FC St. Pauli,35,https://www.transfermarkt.com/fc-st-pauli/startseite/verein/35,4,3,12000000,80
Al-Wakrah SC,13509,https://www.transfermarkt.com/al-wakrah-sc/startseite/verein/13509,4,2,2775000,80
Al-Zawraa SC,23806,https://www.transfermarkt.com/al-zawraa-sc/startseite/verein/23806,4,2,1850000,80
Al-Shorta SC,13593,https://www.transfermarkt.com/al-shorta-sc/startseite/verein/13593,4,1,1550000,80
Al-Rayyan SC,3229,https://www.transfermarkt.com/al-rayyan-sc/startseite/verein/3229,4,1,1450000,80
Como 1907,1047,https://www.transfermarkt.com/como-1907/startseite/verein/1047,3,3,140000000,106
Hamburger SV,41,https://www.transfermarkt.com/hamburger-sv/startseite/verein/41,3,3,68000000,106
FC Porto,720,https://www.transfermarkt.com/fc-porto/startseite/verein/720,3,3,53000000,106
Inter Miami CF,69261,https://www.transfermarkt.com/inter-miami-cf/startseite/verein/69261,3,2,32500000,106
SV Werder Bremen,86,https://www.transfermarkt.com/sv-werder-bremen/startseite/verein/86,3,2,30500000,106
Union Saint-Gilloise,3948,https://www.transfermarkt.com/royale-union-saint-gilloise/startseite/verein/3948,3,3,26500000,106
FC Lorient,1158,https://www.transfermarkt.com/fc-lorient/startseite/verein/1158,3,3,25500000,106
Leicester City,1003,https://www.transfermarkt.com/leicester-city/startseite/verein/1003,3,2,24500000,106
FK Bodø/Glimt,501,https://www.transfermarkt.com/fk-bodo-glimt/startseite/verein/501,3,1,23500000,106
Sevilla FC,368,https://www.transfermarkt.com/fc-sevilla/startseite/verein/368,3,2,20400000,106
Torino FC,416,https://www.transfermarkt.com/fc-turin/startseite/verein/416,3,3,18500000,106
FC Dallas,8816,https://www.transfermarkt.com/fc-dallas/startseite/verein/8816,3,3,15000000,106
HNK Rijeka,144,https://www.transfermarkt.com/hnk-rijeka/startseite/verein/144,3,2,13800000,106
Watford FC,1010,https://www.transfermarkt.com/fc-watford/startseite/verein/1010,3,3,13500000,106
Vancouver Whitecaps FC,6321,https://www.transfermarkt.com/vancouver-whitecaps-fc/startseite/verein/6321,3,3,13300000,106
Royal Charleroi SC,172,https://www.transfermarkt.com/rsc-charleroi/startseite/verein/172,3,2,12800000,106
Orlando City SC,45604,https://www.transfermarkt.com/orlando-city-sc/startseite/verein/45604,3,3,11800000,106
FC Copenhagen,190,https://www.transfermarkt.com/fc-kopenhagen/startseite/verein/190,3,3,11500000,106
Hull City,3008,https://www.transfermarkt.com/hull-city/startseite/verein/3008,3,3,11500000,106
UNAM Pumas,7633,https://www.transfermarkt.com/unam-pumas/startseite/verein/7633,3,3,11500000,106
Al-Ain FC,2150,https://www.transfermarkt.com/al-ain-fc/startseite/verein/2150,3,3,11100000,106
Venezia FC,607,https://www.transfermarkt.com/venezia-fc/startseite/verein/607,3,3,9800000,106
Real Oviedo,2497,https://www.transfermarkt.com/real-oviedo/startseite/verein/2497,3,3,9500000,106
Kasimpasa,10484,https://www.transfermarkt.com/kasimpasa/startseite/verein/10484,3,2,8500000,106
Chicago Fire FC,432,https://www.transfermarkt.com/chicago-fire-fc/startseite/verein/432,3,3,8000000,106
Caykur Rizespor,126,https://www.transfermarkt.com/caykur-rizespor/startseite/verein/126,3,3,7700000,106
AC Sparta Prague,197,https://www.transfermarkt.com/ac-sparta-prag/startseite/verein/197,3,1,6800000,106
New York City FC,40058,https://www.transfermarkt.com/new-york-city-fc/startseite/verein/40058,3,2,6800000,106
Le Havre AC,738,https://www.transfermarkt.com/ac-le-havre/startseite/verein/738,3,3,6300000,106
Swansea City,2288,https://www.transfermarkt.com/swansea-city/startseite/verein/2288,3,3,6300000,106
Heart of Midlothian FC,43,https://www.transfermarkt.com/heart-of-midlothian-fc/startseite/verein/43,3,2,5025000,106
Pafos FC,45457,https://www.transfermarkt.com/pafos-fc/startseite/verein/45457,3,3,3800000,106
Zamalek SC,664,https://www.transfermarkt.com/zamalek-sc/startseite/verein/664,3,1,3150000,106
Toronto FC,11141,https://www.transfermarkt.com/toronto-fc/startseite/verein/11141,3,2,2800000,106
Jeonbuk Hyundai Motors,6502,https://www.transfermarkt.com/jeonbuk-hyundai-motors/startseite/verein/6502,3,1,2750000,106
Minnesota United FC,56089,https://www.transfermarkt.com/minnesota-united-fc/startseite/verein/56089,3,3,2250000,106
Sepahan FC,4947,https://www.transfermarkt.com/sepahan-fc/startseite/verein/4947,3,1,2250000,106
PEC Zwolle,1269,https://www.transfermarkt.com/pec-zwolle/startseite/verein/1269,3,3,2100000,106
Neftchi Fergana,13306,https://www.transfermarkt.com/neftchi-fergana/startseite/verein/13306,3,1,1725000,106
Melbourne City FC,25580,https://www.transfermarkt.com/melbourne-city-fc/startseite/verein/25580,3,1,1550000,106
Wellington Phoenix,8445,https://www.transfermarkt.com/wellington-phoenix/startseite/verein/8445,3,1,1450000,106
Al-Karma,103329,https://www.transfermarkt.com/al-karma/startseite/verein/103329,3,2,1300000,106
Al-Gharafa SC,6297,https://www.transfermarkt.com/al-gharafa-sc/startseite/verein/6297,3,1,1075000,106
Al-Talaba SC,21726,https://www.transfermarkt.com/al-talaba-sc/startseite/verein/21726,3,1,1075000,106
Al-Faisaly SC,13592,https://www.transfermarkt.com/al-faisaly-amman/startseite/verein/13592,3,1,800000,106
Al-Arabi SC,1230,https://www.transfermarkt.com/al-arabi-sc/startseite/verein/1230,3,1,700000,106
Trabzonspor,449,https://www.transfermarkt.com/trabzonspor/startseite/verein/449,2,2,34000000,152
Coventry City,990,https://www.transfermarkt.com/coventry-city/startseite/verein/990,2,2,32000000,152
Parma Calcio 1913,130,https://www.transfermarkt.com/parma-calcio-1913/startseite/verein/130,2,2,32000000,152
Zenit St. Petersburg,964,https://www.transfermarkt.com/zenit-st-petersburg/startseite/verein/964,2,1,31500000,152
Genoa CFC,252,https://www.transfermarkt.com/genua-cfc/startseite/verein/252,2,2,25000000,152
Red Bull Salzburg,409,https://www.transfermarkt.com/red-bull-salzburg/startseite/verein/409,2,2,24000000,152
CA Osasuna,331,https://www.transfermarkt.com/ca-osasuna/startseite/verein/331,2,2,23000000,152
CD Cruz Azul,3711,https://www.transfermarkt.com/cd-cruz-azul/startseite/verein/3711,2,2,17500000,152
RCD Mallorca,237,https://www.transfermarkt.com/rcd-mallorca/startseite/verein/237,2,2,16800000,152
Stoke City,512,https://www.transfermarkt.com/stoke-city/startseite/verein/512,2,2,16000000,152
FC Krasnodar,16704,https://www.transfermarkt.com/fk-krasnodar/startseite/verein/16704,2,2,15000000,152
Club Tijuana,13353,https://www.transfermarkt.com/club-tijuana/startseite/verein/13353,2,2,12500000,152
FC Nordsjaelland,2778,https://www.transfermarkt.com/fc-nordsjaelland/startseite/verein/2778,2,2,12500000,152
Girona FC,12321,https://www.transfermarkt.com/fc-girona/startseite/verein/12321,2,2,11400000,152
Dynamo Moscow,121,https://www.transfermarkt.com/dinamo-moskau/startseite/verein/121,2,2,11000000,152
RSC Anderlecht,58,https://www.transfermarkt.com/rsc-anderlecht/startseite/verein/58,2,2,11000000,152
Deportivo Toluca,1804,https://www.transfermarkt.com/deportivo-toluca/startseite/verein/1804,2,1,10800000,152
Atlanta United FC,51663,https://www.transfermarkt.com/atlanta-united-fc/startseite/verein/51663,2,1,10000000,152
Middlesbrough FC,641,https://www.transfermarkt.com/fc-middlesbrough/startseite/verein/641,2,2,9500000,152
Viking FK,239,https://www.transfermarkt.com/viking-stavanger/startseite/verein/239,2,2,9500000,152
Panathinaikos,265,https://www.transfermarkt.com/panathinaikos-athen/startseite/verein/265,2,2,9000000,152
Sint-Truidense VV,475,https://www.transfermarkt.com/vv-st-truiden/startseite/verein/475,2,1,8800000,152
Celta de Vigo,940,https://www.transfermarkt.com/celta-vigo/startseite/verein/940,2,2,8000000,152
GNK Dinamo Zagreb,419,https://www.transfermarkt.com/gnk-dinamo-zagreb/startseite/verein/419,2,2,8000000,152
AS Saint-Étienne,618,https://www.transfermarkt.com/as-saint-etienne/startseite/verein/618,2,2,7800000,152
Olympiacos Piraeus,683,https://www.transfermarkt.com/olympiakos-piraus/startseite/verein/683,2,2,7500000,152
Red Star Belgrade,159,https://www.transfermarkt.com/roter-stern-belgrad/startseite/verein/159,2,2,7500000,152
Sheffield United,350,https://www.transfermarkt.com/sheffield-united/startseite/verein/350,2,2,7000000,152
Standard Liège,3057,https://www.transfermarkt.com/standard-luttich/startseite/verein/3057,2,2,7000000,152
Bröndby IF,206,https://www.transfermarkt.com/brondby-if/startseite/verein/206,2,2,6700000,152
Columbus Crew,813,https://www.transfermarkt.com/columbus-crew-sc/startseite/verein/813,2,2,6500000,152
Derby County,22,https://www.transfermarkt.com/derby-county/startseite/verein/22,2,2,6500000,152
LASK,413,https://www.transfermarkt.com/lask/startseite/verein/413,2,2,6500000,152
Rayo Vallecano,367,https://www.transfermarkt.com/rayo-vallecano/startseite/verein/367,2,2,6000000,152
Philadelphia Union,25467,https://www.transfermarkt.com/philadelphia-union/startseite/verein/25467,2,2,5000000,152
Southampton FC,180,https://www.transfermarkt.com/fc-southampton/startseite/verein/180,2,2,5000000,152
US Cremonese,2239,https://www.transfermarkt.com/us-cremonese/startseite/verein/2239,2,2,4600000,152
Wrexham AFC,1112,https://www.transfermarkt.com/afc-wrexham/startseite/verein/1112,2,2,4500000,152
PAOK Thessaloniki,1091,https://www.transfermarkt.com/paok-thessaloniki/startseite/verein/1091,2,2,4200000,152
FC Lugano,2790,https://www.transfermarkt.com/fc-lugano/startseite/verein/2790,2,2,4000000,152
Hannover 96,42,https://www.transfermarkt.com/hannover-96/startseite/verein/42,2,2,4000000,152
NEC Nijmegen,467,https://www.transfermarkt.com/nec-nijmegen/startseite/verein/467,2,2,3500000,152
Al-Ettifaq FC,7732,https://www.transfermarkt.com/al-ettifaq/startseite/verein/7732,2,2,3400000,152
Kashima Antlers,2241,https://www.transfermarkt.com/kashima-antlers/startseite/verein/2241,2,2,3200000,152
Al-Bataeh CSC,78312,https://www.transfermarkt.com/al-bataeh-club/startseite/verein/78312,2,2,2900000,152
FC Schalke 04,33,https://www.transfermarkt.com/fc-schalke-04/startseite/verein/33,2,1,2800000,152
Sport Club Internacional,6600,https://www.transfermarkt.com/sc-internacional-porto-alegre/startseite/verein/6600,2,2,2800000,152
CD Castellón,2502,https://www.transfermarkt.com/cd-castellon/startseite/verein/2502,2,2,2400000,152
CA Huracán,2063,https://www.transfermarkt.com/club-atletico-huracan/startseite/verein/2063,2,1,2300000,152
Esperance Tunis,3342,https://www.transfermarkt.com/esperance-tunis/startseite/verein/3342,2,2,2300000,152
Ulsan HD FC,3535,https://www.transfermarkt.com/ulsan-hyundai/startseite/verein/3535,2,1,2250000,152
LDU Quito,9855,https://www.transfermarkt.com/ldu-quito/startseite/verein/9855,2,2,2100000,152
Club Africain,819,https://www.transfermarkt.com/club-africain-tunis/startseite/verein/819,2,1,2000000,152
Kalba FC,38040,https://www.transfermarkt.com/al-ittihad-kalba-sports-club/startseite/verein/38040,2,1,2000000,152
CA Independiente,1234,https://www.transfermarkt.com/club-atletico-independiente/startseite/verein/1234,2,2,1950000,152
FC Volendam,724,https://www.transfermarkt.com/fc-volendam/startseite/verein/724,2,1,1950000,152
Nasaf Qarshi,20591,https://www.transfermarkt.com/nasaf-qarshi/startseite/verein/20591,2,1,1950000,152
USM Alger,6772,https://www.transfermarkt.com/usm-algier/startseite/verein/6772,2,1,1850000,152
Al-Najma SC,32328,https://www.transfermarkt.com/al-najma/startseite/verein/32328,2,2,1750000,152
Zed FC,47010,https://www.transfermarkt.com/zed-fc/startseite/verein/47010,2,1,1750000,152
Dibba SCC,44289,https://www.transfermarkt.com/dibba-al-fujairah/startseite/verein/44289,2,2,1700000,152
AE Kifisia,30120,https://www.transfermarkt.com/ae-kifisias/startseite/verein/30120,2,2,1600000,152
FCV Dender EH,9010,https://www.transfermarkt.com/fcv-dender-eh/startseite/verein/9010,2,2,1600000,152
Grêmio Foot-Ball Porto Alegrense,210,https://www.transfermarkt.com/gremio-porto-alegre/startseite/verein/210,2,2,1600000,152
CD Universidad Católica,17584,https://www.transfermarkt.com/cd-universidad-catolica/startseite/verein/17584,2,1,1550000,152
Deportivo Saprissa,4720,https://www.transfermarkt.com/deportivo-saprissa/startseite/verein/4720,2,1,1350000,152
Maccabi Haifa,1064,https://www.transfermarkt.com/maccabi-haifa/startseite/verein/1064,2,2,1150000,152
Dinamo Samarqand,15300,https://www.transfermarkt.com/dinamo-samarkand/startseite/verein/15300,2,1,1100000,152
San Diego FC,114977,https://www.transfermarkt.com/san-diego-fc/startseite/verein/114977,2,2,1100000,152
AE Larisa,4603,https://www.transfermarkt.com/ae-larisa/startseite/verein/4603,2,1,1000000,152
AEL Limassol,786,https://www.transfermarkt.com/ael-limassol/startseite/verein/786,2,2,1000000,152
Foolad FC,6076,https://www.transfermarkt.com/foolad-fc/startseite/verein/6076,2,1,800000,152
SC Telstar,1434,https://www.transfermarkt.com/sc-telstar/startseite/verein/1434,2,1,775000,152
RKC Waalwijk,235,https://www.transfermarkt.com/rkc-waalwijk/startseite/verein/235,2,1,725000,152
Selangor FC,15831,https://www.transfermarkt.com/selangor-fc/startseite/verein/15831,2,1,675000,152
FC Tokyo,6631,https://www.transfermarkt.com/fc-tokyo/startseite/verein/6631,2,2,600000,152
NK Maribor,790,https://www.transfermarkt.com/nk-maribor/startseite/verein/790,2,2,600000,152
Club Cerro Porteño,1214,https://www.transfermarkt.com/club-cerro-porteno/startseite/verein/1214,2,1,500000,152
Igdir FK,74664,https://www.transfermarkt.com/76-igdir-belediye-spor/startseite/verein/74664,2,2,450000,152
Al-Wehdat SC,15796,https://www.transfermarkt.com/al-wehdat/startseite/verein/15796,2,1,400000,152
FC Vizela,6912,https://www.transfermarkt.com/fc-vizela/startseite/verein/6912,2,1,400000,152
Miami FC,42814,https://www.transfermarkt.com/miami-fc/startseite/verein/42814,2,1,350000,152
CD Plaza Amador,20960,https://www.transfermarkt.com/cd-plaza-amador/startseite/verein/20960,2,1,125000,152
Botafogo de Futebol e Regatas,537,https://www.transfermarkt.com/botafogo-rio-de-janeiro/startseite/verein/537,1,1,32000000,235
Clube de Regatas Vasco da Gama,978,https://www.transfermarkt.com/vasco-da-gama-rio-de-janeiro/startseite/verein/978,1,1,11000000,235
Al-Jazira Club,2524,https://www.transfermarkt.com/al-jazira-abu-dhabi-/startseite/verein/2524,1,1,10000000,235
Ipswich Town,677,https://www.transfermarkt.com/ipswich-town/startseite/verein/677,1,1,10000000,235
Stade Reims,1421,https://www.transfermarkt.com/stade-reims/startseite/verein/1421,1,1,10000000,235
Elche CF,1531,https://www.transfermarkt.com/fc-elche/startseite/verein/1531,1,1,9000000,235
Fluminense Football Club,2462,https://www.transfermarkt.com/fluminense-rio-de-janeiro/startseite/verein/2462,1,1,8000000,235
Santos FC,221,https://www.transfermarkt.com/fc-santos/startseite/verein/221,1,1,8000000,235
Lokomotiv Moscow,932,https://www.transfermarkt.com/lokomotiv-moskau/startseite/verein/932,1,1,7500000,235
Red Bull Bragantino,8793,https://www.transfermarkt.com/red-bull-bragantino/startseite/verein/8793,1,1,7500000,235
AEK Athens,2441,https://www.transfermarkt.com/aek-athen/startseite/verein/2441,1,1,7000000,235
FC Toulouse,415,https://www.transfermarkt.com/fc-toulouse/startseite/verein/415,1,1,7000000,235
Hellas Verona,276,https://www.transfermarkt.com/hellas-verona/startseite/verein/276,1,1,7000000,235
Sport Club Corinthians Paulista,199,https://www.transfermarkt.com/corinthians-sao-paulo/startseite/verein/199,1,1,7000000,235
ACF Fiorentina,430,https://www.transfermarkt.com/ac-florenz/startseite/verein/430,1,1,6500000,235
FC Twente Enschede,317,https://www.transfermarkt.com/fc-twente-enschede/startseite/verein/317,1,1,6500000,235
CA San Lorenzo de Almagro,1775,https://www.transfermarkt.com/club-atletico-san-lorenzo-de-almagro/startseite/verein/1775,1,1,6000000,235
São Paulo Futebol Clube,585,https://www.transfermarkt.com/fc-sao-paulo/startseite/verein/585,1,1,6000000,235
CA Rosario Central,1418,https://www.transfermarkt.com/club-atletico-rosario-central/startseite/verein/1418,1,1,5500000,235
Frosinone Calcio,8970,https://www.transfermarkt.com/frosinone-calcio/startseite/verein/8970,1,1,5500000,235
CA Boca Juniors,189,https://www.transfermarkt.com/club-atletico-boca-juniors/startseite/verein/189,1,1,5000000,235
Cercle Brugge ,520,https://www.transfermarkt.com/cercle-brugge/startseite/verein/520,1,1,5000000,235
Club Athletico Paranaense,679,https://www.transfermarkt.com/club-athletico-paranaense/startseite/verein/679,1,1,5000000,235
FC Slovan Liberec,697,https://www.transfermarkt.com/fc-slovan-liberec/startseite/verein/697,1,1,5000000,235
Racing Santander,630,https://www.transfermarkt.com/racing-santander/startseite/verein/630,1,1,5000000,235
Samsunspor,152,https://www.transfermarkt.com/samsunspor/startseite/verein/152,1,1,5000000,235
Al-Nasr SC (UAE),5432,https://www.transfermarkt.com/al-nasr-dubai-/startseite/verein/5432,1,1,4500000,235
Colorado Rapids,1247,https://www.transfermarkt.com/colorado-rapids/startseite/verein/1247,1,1,4500000,235
AZ Alkmaar,1090,https://www.transfermarkt.com/az-alkmaar/startseite/verein/1090,1,1,4000000,235
HNK Hajduk Split,447,https://www.transfermarkt.com/hnk-hajduk-split/startseite/verein/447,1,1,4000000,235
Pisa Sporting Club,4172,https://www.transfermarkt.com/ac-pisa-1909/startseite/verein/4172,1,1,4000000,235
Real Salt Lake City,6643,https://www.transfermarkt.com/real-salt-lake-city/startseite/verein/6643,1,1,4000000,235
Udinese Calcio,410,https://www.transfermarkt.com/udinese-calcio/startseite/verein/410,1,1,4000000,235
CS Independiente Rivadavia,12179,https://www.transfermarkt.com/independiente-rivadavia/startseite/verein/12179,1,1,3500000,235
FC Cincinnati,51772,https://www.transfermarkt.com/fc-cincinnati/startseite/verein/51772,1,1,3500000,235
Nashville SC,63966,https://www.transfermarkt.com/nashville-sc/startseite/verein/63966,1,1,3500000,235
Seattle Sounders FC,9636,https://www.transfermarkt.com/seattle-sounders-fc/startseite/verein/9636,1,1,3500000,235
Gil Vicente FC,2424,https://www.transfermarkt.com/gil-vicente-fc/startseite/verein/2424,1,1,3000000,235
Holstein Kiel,269,https://www.transfermarkt.com/holstein-kiel/startseite/verein/269,1,1,3000000,235
KV Mechelen,354,https://www.transfermarkt.com/kv-mechelen/startseite/verein/354,1,1,3000000,235
Mjällby AIF,2719,https://www.transfermarkt.com/mjallby-aif/startseite/verein/2719,1,1,3000000,235
Paris FC,10004,https://www.transfermarkt.com/paris-fc/startseite/verein/10004,1,1,3000000,235
Spartak Moscow,232,https://www.transfermarkt.com/spartak-moskau/startseite/verein/232,1,1,3000000,235
Vitória Guimarães SC,2420,https://www.transfermarkt.com/vitoria-guimaraes-sc/startseite/verein/2420,1,1,3000000,235
Santos Laguna,1403,https://www.transfermarkt.com/santos-laguna/startseite/verein/1403,1,1,2800000,235
CA Talleres,3938,https://www.transfermarkt.com/club-atletico-talleres/startseite/verein/3938,1,1,2500000,235
CA Vélez Sarsfield,1029,https://www.transfermarkt.com/club-atletico-velez-sarsfield/startseite/verein/1029,1,1,2500000,235
Cagliari Calcio,1390,https://www.transfermarkt.com/cagliari-calcio/startseite/verein/1390,1,1,2500000,235
FC Juárez,49283,https://www.transfermarkt.com/fc-juarez/startseite/verein/49283,1,1,2500000,235
FC Rostov,1083,https://www.transfermarkt.com/fk-rostov/startseite/verein/1083,1,1,2500000,235
Molde FK,687,https://www.transfermarkt.com/molde-fk/startseite/verein/687,1,1,2500000,235
Motherwell FC,987,https://www.transfermarkt.com/motherwell-fc/startseite/verein/987,1,1,2500000,235
New England Revolution,626,https://www.transfermarkt.com/new-england-revolution/startseite/verein/626,1,1,2500000,235
RCD Espanyol Barcelona,714,https://www.transfermarkt.com/espanyol-barcelona/startseite/verein/714,1,1,2500000,235
Silkeborg IF,1177,https://www.transfermarkt.com/silkeborg-if/startseite/verein/1177,1,1,2500000,235
Slovan Bratislava,540,https://www.transfermarkt.com/slovan-bratislava/startseite/verein/540,1,1,2500000,235
Valencia CF,1049,https://www.transfermarkt.com/fc-valencia/startseite/verein/1049,1,1,2500000,235
Widzew Lodz,88,https://www.transfermarkt.com/widzew-lodz/startseite/verein/88,1,1,2500000,235
Tigres UANL,7055,https://www.transfermarkt.com/tigres-uanl/startseite/verein/7055,1,1,2300000,235
CA Lanús,333,https://www.transfermarkt.com/club-atletico-lanus/startseite/verein/333,1,1,2200000,235
1.FC Union Berlin,89,https://www.transfermarkt.com/1-fc-union-berlin/startseite/verein/89,1,1,2000000,235
Austria Vienna,14,https://www.transfermarkt.com/fk-austria-wien/startseite/verein/14,1,1,2000000,235
Birmingham City,337,https://www.transfermarkt.com/birmingham-city/startseite/verein/337,1,1,2000000,235
CF Monterrey,2407,https://www.transfermarkt.com/cf-monterrey/startseite/verein/2407,1,1,2000000,235
Ferencvárosi TC,279,https://www.transfermarkt.com/ferencvaros-budapest/startseite/verein/279,1,1,2000000,235
Independiente del Valle,19309,https://www.transfermarkt.com/independiente-del-valle/startseite/verein/19309,1,1,2000000,235
KAA Gent,157,https://www.transfermarkt.com/kaa-gent/startseite/verein/157,1,1,2000000,235
Levante UD,3368,https://www.transfermarkt.com/ud-levante/startseite/verein/3368,1,1,2000000,235
Montpellier HSC,969,https://www.transfermarkt.com/montpellier-hsc/startseite/verein/969,1,1,2000000,235
Sanfrecce Hiroshima,2697,https://www.transfermarkt.com/sanfrecce-hiroshima/startseite/verein/2697,1,1,2000000,235
Angers SCO,1420,https://www.transfermarkt.com/sco-angers/startseite/verein/1420,1,1,1800000,235
Club León FC,4941,https://www.transfermarkt.com/club-leon-fc/startseite/verein/4941,1,1,1800000,235
FC Nantes,995,https://www.transfermarkt.com/fc-nantes/startseite/verein/995,1,1,1800000,235
Fortuna Düsseldorf,38,https://www.transfermarkt.com/fortuna-dusseldorf/startseite/verein/38,1,1,1800000,235
Ludogorets Razgrad,31614,https://www.transfermarkt.com/pfk-ludogorets-razgrad/startseite/verein/31614,1,1,1800000,235
Portland Timbers,4291,https://www.transfermarkt.com/portland-timbers/startseite/verein/4291,1,1,1800000,235
Shabab Al-Ahli Club,60529,https://www.transfermarkt.com/fc-shabab-al-ahli-dubai/startseite/verein/60529,1,1,1800000,235
Alanyaspor,11282,https://www.transfermarkt.com/alanyaspor/startseite/verein/11282,1,1,1500000,235
FC Baniyas,4785,https://www.transfermarkt.com/fc-baniyas/startseite/verein/4785,1,1,1500000,235
FC St. Gallen 1879,257,https://www.transfermarkt.com/fc-st-gallen-1879/startseite/verein/257,1,1,1500000,235
FC Universitatea Cluj,6429,https://www.transfermarkt.com/fc-universitatea-cluj/startseite/verein/6429,1,1,1500000,235
JS Kabylie,13366,https://www.transfermarkt.com/js-kabylie/startseite/verein/13366,1,1,1500000,235
Jagiellonia Bialystok,2300,https://www.transfermarkt.com/jagiellonia-bialystok/startseite/verein/2300,1,1,1500000,235
Konyaspor,2293,https://www.transfermarkt.com/konyaspor/startseite/verein/2293,1,1,1500000,235
Luton Town,1031,https://www.transfermarkt.com/luton-town/startseite/verein/1031,1,1,1500000,235
Manchester United U21,9251,https://www.transfermarkt.com/manchester-united-u23/startseite/verein/9251,1,1,1500000,235
Sarpsborg 08 FF,10217,https://www.transfermarkt.com/sarpsborg-08-ff/startseite/verein/10217,1,1,1500000,235
Sparta Rotterdam,468,https://www.transfermarkt.com/sparta-rotterdam/startseite/verein/468,1,1,1300000,235
UC Sampdoria,1038,https://www.transfermarkt.com/sampdoria-genua/startseite/verein/1038,1,1,1300000,235
Akron Tolyatti,71985,https://www.transfermarkt.com/akron-togliatti/startseite/verein/71985,1,1,1200000,235
Al-Wahda FC,161,https://www.transfermarkt.com/al-wahda-fc-abu-dhabi/startseite/verein/161,1,1,1200000,235
Atromitos Athens,3060,https://www.transfermarkt.com/atromitos-athen/startseite/verein/3060,1,1,1200000,235
ETO FC,6055,https://www.transfermarkt.com/eto-fc-gyor/startseite/verein/6055,1,1,1200000,235
El Gouna FC,20572,https://www.transfermarkt.com/el-gouna-fc/startseite/verein/20572,1,1,1200000,235
FC Astana,22220,https://www.transfermarkt.com/fc-astana/startseite/verein/22220,1,1,1200000,235
Gaziantep FK,2832,https://www.transfermarkt.com/gaziantep-fk/startseite/verein/2832,1,1,1200000,235
Karlsruher SC,48,https://www.transfermarkt.com/karlsruher-sc/startseite/verein/48,1,1,1200000,235
Maccabi Tel Aviv,119,https://www.transfermarkt.com/maccabi-tel-aviv/startseite/verein/119,1,1,1200000,235
Malmö FF,496,https://www.transfermarkt.com/malmo-ff/startseite/verein/496,1,1,1200000,235
Sydney FC,8054,https://www.transfermarkt.com/sydney-fc/startseite/verein/8054,1,1,1200000,235
Aris Limassol,10586,https://www.transfermarkt.com/aris-limassol/startseite/verein/10586,1,1,1000000,235
CF Estrela Amadora,2431,https://www.transfermarkt.com/cf-estrela-amadora-sad/startseite/verein/2431,1,1,1000000,235
CF Pachuca,4035,https://www.transfermarkt.com/cf-pachuca/startseite/verein/4035,1,1,1000000,235
FC Barcelona U19,2470,https://www.transfermarkt.com/fc-barcelona-u19/startseite/verein/2470,1,1,1000000,235
FC Seoul,6500,https://www.transfermarkt.com/fc-seoul/startseite/verein/6500,1,1,1000000,235
FC Utrecht U21,17596,https://www.transfermarkt.com/fc-utrecht-ii/startseite/verein/17596,1,1,1000000,235
Granada CF,16795,https://www.transfermarkt.com/fc-granada/startseite/verein/16795,1,1,1000000,235
Kayserispor,3205,https://www.transfermarkt.com/kayserispor/startseite/verein/3205,1,1,1000000,235
Malavan Bandar Anzali,17499,https://www.transfermarkt.com/malavan-of-bandar-anzali/startseite/verein/17499,1,1,1000000,235
Millwall FC,1028,https://www.transfermarkt.com/fc-millwall/startseite/verein/1028,1,1,1000000,235
Omonia Nicosia,829,https://www.transfermarkt.com/omonia-nikosia/startseite/verein/829,1,1,1000000,235
Paris Saint-Germain Espoirs,43570,https://www.transfermarkt.com/fc-paris-saint-germain-c/startseite/verein/43570,1,1,1000000,235
Portsmouth FC,1020,https://www.transfermarkt.com/fc-portsmouth/startseite/verein/1020,1,1,1000000,235
Puskás Akadémia FC,37169,https://www.transfermarkt.com/puskas-akademia-fc/startseite/verein/37169,1,1,1000000,235
Royal Antwerp FC,1096,https://www.transfermarkt.com/royal-antwerpen-fc/startseite/verein/1096,1,1,1000000,235
SK Beveren,28643,https://www.transfermarkt.com/waasland-beveren/startseite/verein/28643,1,1,1000000,235
Zhejiang FC,17276,https://www.transfermarkt.com/zhejiang-fc/startseite/verein/17276,1,1,1000000,235
Dinamo Makhachkala,75231,https://www.transfermarkt.com/fk-makhachkala/startseite/verein/75231,1,1,900000,235
FC Pari Nizhniy Novgorod,49702,https://www.transfermarkt.com/fk-nizhny-novgorod/startseite/verein/49702,1,1,900000,235
IFK Norrköping,2844,https://www.transfermarkt.com/ifk-norrkoping/startseite/verein/2844,1,1,900000,235
Polokwane City FC,21202,https://www.transfermarkt.com/polokwane-city-fc/startseite/verein/21202,1,1,900000,235
Aarhus GF,678,https://www.transfermarkt.com/aarhus-gf/startseite/verein/678,1,1,850000,235
Cracovia,5689,https://www.transfermarkt.com/cracovia/startseite/verein/5689,1,1,850000,235
AS FAR Rabat,9099,https://www.transfermarkt.com/far-rabat/startseite/verein/9099,1,1,800000,235
Al-Dhafra FC,14456,https://www.transfermarkt.com/al-dhafra-scc/startseite/verein/14456,1,1,800000,235
Al-Sailiya SC,4630,https://www.transfermarkt.com/al-sailiya-sc/startseite/verein/4630,1,1,800000,235
CS Sfaxien,581,https://www.transfermarkt.com/club-sportif-sfaxien/startseite/verein/581,1,1,800000,235
Casa Pia AC,3268,https://www.transfermarkt.com/casa-pia-ac/startseite/verein/3268,1,1,800000,235
Charlton Athletic,358,https://www.transfermarkt.com/charlton-athletic/startseite/verein/358,1,1,800000,235
Deportivo La Guaira,26468,https://www.transfermarkt.com/deportivo-la-guaira/startseite/verein/26468,1,1,800000,235
FC Noah Yerevan,60368,https://www.transfermarkt.com/fc-noah-erewan/startseite/verein/60368,1,1,800000,235
Gangwon FC,21459,https://www.transfermarkt.com/gangwon-fc/startseite/verein/21459,1,1,800000,235
Wolfsberger AC,4441,https://www.transfermarkt.com/wolfsberger-ac/startseite/verein/4441,1,1,800000,235
Daejeon Hana Citizen,6499,https://www.transfermarkt.com/daejeon-hana-citizen/startseite/verein/6499,1,1,750000,235
Ironi Kiryat Shmona,6028,https://www.transfermarkt.com/ironi-kiryat-shmona/startseite/verein/6028,1,1,750000,235
Lechia Gdansk,4000,https://www.transfermarkt.com/lechia-gdansk/startseite/verein/4000,1,1,750000,235
Club Estudiantes de La Plata,288,https://www.transfermarkt.com/club-estudiantes-de-la-plata/startseite/verein/288,1,1,700000,235
FC Sochaux-Montbéliard,750,https://www.transfermarkt.com/fc-sochaux-montbeliard/startseite/verein/750,1,1,700000,235
FCSB,301,https://www.transfermarkt.com/fcsb/startseite/verein/301,1,1,700000,235
FK Borac Banja Luka,3900,https://www.transfermarkt.com/fk-borac-banja-luka/startseite/verein/3900,1,1,700000,235
Renaissance de Berkane,37176,https://www.transfermarkt.com/renaissance-de-berkane/startseite/verein/37176,1,1,700000,235
Rotherham United,1194,https://www.transfermarkt.com/rotherham-united/startseite/verein/1194,1,1,700000,235
Al-Fayha FC,50531,https://www.transfermarkt.com/al-fayha-fc/startseite/verein/50531,1,1,650000,235
Kaizer Chiefs,568,https://www.transfermarkt.com/kaizer-chiefs/startseite/verein/568,1,1,650000,235
Mazatlán FC,82696,https://www.transfermarkt.com/mazatlan-fc/startseite/verein/82696,1,1,650000,235
Melbourne Victory,7006,https://www.transfermarkt.com/melbourne-victory/startseite/verein/7006,1,1,650000,235
CD Tondela,7179,https://www.transfermarkt.com/cd-tondela/startseite/verein/7179,1,1,600000,235
Grazer AK 1902,316,https://www.transfermarkt.com/grazer-ak-1902/startseite/verein/316,1,1,600000,235
Heracles Almelo,1304,https://www.transfermarkt.com/heracles-almelo/startseite/verein/1304,1,1,600000,235
Qatar SC,965,https://www.transfermarkt.com/qatar-sc/startseite/verein/965,1,1,600000,235
Servette FC,61,https://www.transfermarkt.com/servette-fc/startseite/verein/61,1,1,600000,235
US Monastir,9890,https://www.transfermarkt.com/us-monastir/startseite/verein/9890,1,1,600000,235
Zulte Waregem,3508,https://www.transfermarkt.com/sv-zulte-waregem/startseite/verein/3508,1,1,600000,235
AEK Larnaca,2156,https://www.transfermarkt.com/aek-larnaka/startseite/verein/2156,1,1,550000,235
Al-Quwa Al-Jawiya,23805,https://www.transfermarkt.com/al-quwa-al-jawiya/startseite/verein/23805,1,1,550000,235
Barnsley FC,349,https://www.transfermarkt.com/fc-barnsley/startseite/verein/349,1,1,550000,235
Etoile Sportive du Sahel,250,https://www.transfermarkt.com/etoile-sportive-du-sahel/startseite/verein/250,1,1,550000,235
Newcastle United Jets,5551,https://www.transfermarkt.com/newcastle-united-jets/startseite/verein/5551,1,1,550000,235
Al-Shamal SC,10775,https://www.transfermarkt.com/al-shamal/startseite/verein/10775,1,1,500000,235
Cultural Leonesa,4542,https://www.transfermarkt.com/cultural-leonesa/startseite/verein/4542,1,1,500000,235
FC OKMK Olmaliq,31216,https://www.transfermarkt.com/fk-agmk-olmaliq/startseite/verein/31216,1,1,500000,235
FC Zürich,260,https://www.transfermarkt.com/fc-zurich/startseite/verein/260,1,1,500000,235
NK Lokomotiva Zagreb,11194,https://www.transfermarkt.com/nk-lokomotiva-zagreb/startseite/verein/11194,1,1,500000,235
Navbahor Namangan,15310,https://www.transfermarkt.com/navbahor-namangan/startseite/verein/15310,1,1,500000,235
Olimpia Asunción,629,https://www.transfermarkt.com/olimpia-asuncion/startseite/verein/629,1,1,500000,235
Randers FC,5724,https://www.transfermarkt.com/randers-fc/startseite/verein/5724,1,1,500000,235
APOEL Nicosia,2784,https://www.transfermarkt.com/apoel-nikosia/startseite/verein/2784,1,1,450000,235
Academia Puerto Cabello,45193,https://www.transfermarkt.com/academia-puerto-cabello/startseite/verein/45193,1,1,450000,235
Atlas Guadalajara,8590,https://www.transfermarkt.com/atlas-guadalajara/startseite/verein/8590,1,1,450000,235
FC Buxoro,20151,https://www.transfermarkt.com/fk-bukhara/startseite/verein/20151,1,1,450000,235
Machida Zelvia,23568,https://www.transfermarkt.com/machida-zelvia/startseite/verein/23568,1,1,450000,235
Peterborough United,1072,https://www.transfermarkt.com/peterborough-united/startseite/verein/1072,1,1,450000,235
Abha Club,40039,https://www.transfermarkt.com/abha-club/startseite/verein/40039,1,1,400000,235
Albirex Niigata,8344,https://www.transfermarkt.com/albirex-niigata/startseite/verein/8344,1,1,400000,235
FC Den Bosch,404,https://www.transfermarkt.com/fc-den-bosch/startseite/verein/404,1,1,400000,235
Port Vale FC,1211,https://www.transfermarkt.com/fc-port-vale/startseite/verein/1211,1,1,400000,235
FC Hradec Kralove,1897,https://www.transfermarkt.com/fc-hradec-kralove/startseite/verein/1897,1,1,375000,235
Raja Club Athletic,2068,https://www.transfermarkt.com/raja-casablanca/startseite/verein/2068,1,1,375000,235
AS Nancy-Lorraine,1159,https://www.transfermarkt.com/as-nancy-lorraine/startseite/verein/1159,1,1,350000,235
CD Cobresal,17482,https://www.transfermarkt.com/cd-cobresal/startseite/verein/17482,1,1,350000,235
Montana,24078,https://www.transfermarkt.com/pfc-montana/startseite/verein/24078,1,1,350000,235
Siwelele Football Club ,132785,https://www.transfermarkt.com/siwelele-football-club/startseite/verein/132785,1,1,350000,235
Surkhon Termiz,65036,https://www.transfermarkt.com/surkhon-termiz/startseite/verein/65036,1,1,350000,235
Universidad de Concepción,5622,https://www.transfermarkt.com/universidad-concepcion/startseite/verein/5622,1,1,350000,235
PERSIB Bandung,14105,https://www.transfermarkt.com/persib-bandung/startseite/verein/14105,1,1,325000,235
Al-Ula FC,107818,https://www.transfermarkt.com/al-ula-fc/startseite/verein/107818,1,1,300000,235
Almere City FC,723,https://www.transfermarkt.com/almere-city-fc/startseite/verein/723,1,1,300000,235
Apollon Limassol,429,https://www.transfermarkt.com/apollon-limassol/startseite/verein/429,1,1,300000,235
Pogon Szczecin,324,https://www.transfermarkt.com/pogon-stettin/startseite/verein/324,1,1,300000,235
SC Farense,4294,https://www.transfermarkt.com/sc-farense/startseite/verein/4294,1,1,300000,235
SJK Seinäjoki,23777,https://www.transfermarkt.com/sjk-seinajoki/startseite/verein/23777,1,1,300000,235
Western Sydney Wanderers,36100,https://www.transfermarkt.com/western-sydney-wanderers/startseite/verein/36100,1,1,300000,235
St. Patrick's Athletic,1189,https://www.transfermarkt.com/st-patricks-athletic/startseite/verein/1189,1,1,275000,235
CD Marathón,4523,https://www.transfermarkt.com/cd-marathon/startseite/verein/4523,1,1,250000,235
FC Stade Nyonnais,5507,https://www.transfermarkt.com/fc-stade-nyonnais/startseite/verein/5507,1,1,250000,235
Shamrock Rovers,3258,https://www.transfermarkt.com/shamrock-rovers/startseite/verein/3258,1,1,250000,235
Al-Shabab FC,9840,https://www.transfermarkt.com/al-shabab-riad/startseite/verein/9840,1,1,200000,235
Atlético Nacional,8172,https://www.transfermarkt.com/atletico-nacional/startseite/verein/8172,1,1,200000,235
FC Tatran Presov,4531,https://www.transfermarkt.com/1-fc-tatran-presov/startseite/verein/4531,1,1,200000,235
Hibernian FC,903,https://www.transfermarkt.com/hibernian-fc/startseite/verein/903,1,1,200000,235
Turan-Tovuz IK,9526,https://www.transfermarkt.com/turan-tovuz/startseite/verein/9526,1,1,200000,235
AIK,272,https://www.transfermarkt.com/aik-solna/startseite/verein/272,1,1,175000,235
Terengganu FC,15838,https://www.transfermarkt.com/terengganu-fc/startseite/verein/15838,1,1,175000,235
Charlotte FC,78435,https://www.transfermarkt.com/charlotte-fc/startseite/verein/78435,1,1,150000,235
Club Nacional,866,https://www.transfermarkt.com/club-nacional/startseite/verein/866,1,1,150000,235
Kilmarnock FC,2553,https://www.transfermarkt.com/kilmarnock-fc/startseite/verein/2553,1,1,150000,235
NEOM SC,34911,https://www.transfermarkt.com/al-suqoor/startseite/verein/34911,1,1,150000,235
SC Bastia,595,https://www.transfermarkt.com/sc-bastia/startseite/verein/595,1,1,150000,235
Colorado Springs Switchbacks FC,45805,https://www.transfermarkt.com/colorado-springs-switchbacks-fc/startseite/verein/45805,1,1,125000,235
El Paso Locomotive FC,67375,https://www.transfermarkt.com/el-paso-locomotive-fc/startseite/verein/67375,1,1,125000,235
BSC Young Boys U21,5508,https://www.transfermarkt.com/bsc-young-boys-u21/startseite/verein/5508,1,1,100000,235
Hearts of Oak,3601,https://www.transfermarkt.com/hearts-of-oak/startseite/verein/3601,1,1,100000,235
Port FC,27092,https://www.transfermarkt.com/port-fc/startseite/verein/27092,1,1,100000,235
Violette Athletic Club,14182,https://www.transfermarkt.com/violette-athletic-club/startseite/verein/14182,1,1,100000,235
Braintree Town,6340,https://www.transfermarkt.com/braintree-town/startseite/verein/6340,1,1,50000,235
FC Cosmos Koblenz,45062,https://www.transfermarkt.com/fc-cosmos-koblenz/startseite/verein/45062,1,1,50000,235
GD Chaves,3325,https://www.transfermarkt.com/gd-chaves/startseite/verein/3325,1,1,50000,235
SC União Torreense,2432,https://www.transfermarkt.com/sc-uniao-torreense/startseite/verein/2432,1,1,50000,235
VVV-Venlo,1426,https://www.transfermarkt.com/vvv-venlo/startseite/verein/1426,1,1,50000,235
