manager,manager_id,profile_url,achievements_url,nationality,tm_country,country,team_profile_url,age,tenure_text,contract_until,former_player,former_player_profile_url,total_titles_won,title_types,honors_preview,foreign_to_team,age_rank_oldest,title_rank
Carlo Ancelotti,523,https://www.transfermarkt.com/carlo-ancelotti/profil/trainer/523,https://www.transfermarkt.com/carlo-ancelotti/erfolge/trainer/523,Italy,Brazil,Brazil,https://www.transfermarkt.com/brasilien/startseite/verein/3439,66.0,01 year 10 days,2030,True,https://www.transfermarkt.com/carlo-ancelotti/profil/spieler/116679,40,22,"4x World's Best Club Coach, 2x Manager of the Year, 1x UEFA Manager of the Year, 5x UEFA Champions League winner",True,8,1
Ralf Rangnick,196,https://www.transfermarkt.com/ralf-rangnick/profil/trainer/196,https://www.transfermarkt.com/ralf-rangnick/erfolge/trainer/196,Germany,Austria,Austria,https://www.transfermarkt.com/osterreich/startseite/verein/3383,67.0,04 years 04 days,2026,True,https://www.transfermarkt.com/ralf-rangnick/profil/spieler/886551,32,17,"1x Euro participant, 1x German cup winner, 1x German Super Cup winner, 2x German cup runner-up",True,6,2
Thomas Tuchel,7471,https://www.transfermarkt.com/thomas-tuchel/profil/trainer/7471,https://www.transfermarkt.com/thomas-tuchel/erfolge/trainer/7471,Germany,England,England,https://www.transfermarkt.com/england/startseite/verein/3299,52.0,01 year 05 months 04 days,2028,True,https://www.transfermarkt.com/thomas-tuchel/profil/spieler/122791,31,23,"1x World's Best Club Coach, 1x Manager of the Year, 1x UEFA Manager of the Year, 1x UEFA Champions League winner",True,34,3
Dick Advocaat,3,https://www.transfermarkt.com/dick-advocaat/profil/trainer/3,https://www.transfermarkt.com/dick-advocaat/erfolge/trainer/3,Netherlands,Curaçao,Curaçao,https://www.transfermarkt.com/curacao/startseite/verein/32364,78.0,25 days,?,True,https://www.transfermarkt.com/dick-advocaat/profil/spieler/188963,28,16,"1x Uefa Cup winner, 2x World Cup participant, 2x Euro participant, 1x Russian champion",True,1,4
Didier Deschamps,1229,https://www.transfermarkt.com/didier-deschamps/profil/trainer/1229,https://www.transfermarkt.com/didier-deschamps/erfolge/trainer/1229,France,France,France,https://www.transfermarkt.com/frankreich/startseite/verein/3377,57.0,13 years 10 months 28 days,2026,True,https://www.transfermarkt.com/didier-deschamps/profil/spieler/75553,23,13,"1x World Cup winner, 2x Manager of the Year, 2x World's Best national team Coach, 3x World Cup participant",False,22,5
Javier Aguirre,1548,https://www.transfermarkt.com/javier-aguirre/profil/trainer/1548,https://www.transfermarkt.com/javier-aguirre/erfolge/trainer/1548,Mexico,Mexico,Mexico,https://www.transfermarkt.com/mexiko/startseite/verein/6303,67.0,01 year 10 months 13 days,2026,True,https://www.transfermarkt.com/javier-aguirre/profil/spieler/118172,21,16,"2x Gold Cup winner, 1x CONCACAF Champions League winner, 2x World Cup participant, 1x Copa América participant",False,6,6
Ståle Solbakken,3419,https://www.transfermarkt.com/stale-solbakken/profil/trainer/3419,https://www.transfermarkt.com/stale-solbakken/erfolge/trainer/3419,Norway,Norway,Norway,https://www.transfermarkt.com/norwegen/startseite/verein/3440,58.0,05 years 05 months 29 days,2028,True,https://www.transfermarkt.com/stale-solbakken/profil/spieler/103653,19,6,"2x Manager of the Year, 8x Danish champion, 1x Royal League winner, 4x Danish Cup Winner",False,21,7
Hajime Moriyasu,21905,https://www.transfermarkt.com/hajime-moriyasu/profil/trainer/21905,https://www.transfermarkt.com/hajime-moriyasu/erfolge/trainer/21905,Japan,Japan,Japan,https://www.transfermarkt.com/japan/startseite/verein/3435,57.0,07 years 10 months 04 days,2026,True,https://www.transfermarkt.com/hajime-moriyasu/profil/spieler/212429,19,11,"3x Manager of the Year, 1x World Cup participant, 1x Olympics participant, 1x Copa América participant",False,22,7
Hugo Broos,706,https://www.transfermarkt.com/hugo-broos/profil/trainer/706,https://www.transfermarkt.com/hugo-broos/erfolge/trainer/706,Belgium,South Africa,South Africa,https://www.transfermarkt.com/sudafrika/startseite/verein/3806,74.0,05 years 01 month 00 days,2026,True,https://www.transfermarkt.com/hugo-broos/profil/spieler/118146,17,9,"1x Africa Cup winner, 4x Manager of the Year, 2x Belgian cup winner, 1x Confederations Cup participant",True,2,9
Ronald Koeman,439,https://www.transfermarkt.com/ronald-koeman/profil/trainer/439,https://www.transfermarkt.com/ronald-koeman/erfolge/trainer/439,Netherlands,Netherlands,Netherlands,https://www.transfermarkt.com/niederlande/startseite/verein/3379,63.0,03 years 05 months 04 days,2026,True,https://www.transfermarkt.com/ronald-koeman/profil/spieler/7940,17,8,"1x Euro participant, 1x Dutch Super Cup winner, 1x Portuguese Super Cup winner, 1x Dutch Cup winner",False,10,9
Carlos Queiroz,552,https://www.transfermarkt.com/carlos-queiroz/profil/trainer/552,https://www.transfermarkt.com/carlos-queiroz/erfolge/trainer/552,Portugal,Ghana,Ghana,https://www.transfermarkt.com/ghana/startseite/verein/3441,73.0,01 month 23 days,2026,False,,16,10,"3x World Cup participant, 1x Portuguese cup winner, 1x Portuguese Super Cup winner, 1x Gold Cup participant",True,4,11
Georgios Donis,2455,https://www.transfermarkt.com/georgios-donis/profil/trainer/2455,https://www.transfermarkt.com/georgios-donis/erfolge/trainer/2455,Greece,Saudi Arabia,Saudi Arabia,https://www.transfermarkt.com/saudi-arabien/startseite/verein/3807,56.0,01 month 13 days,?,True,https://www.transfermarkt.com/georgios-donis/profil/spieler/107188,16,13,"1x Manager of the Year, 1x Saudi Crown Prince Cup Winner, 1x AFC Champions League participant, 1x Saudi Super Cup Winner",True,25,11
Amir Ghalenoei,9610,https://www.transfermarkt.com/amir-ghalenoei/profil/trainer/9610,https://www.transfermarkt.com/amir-ghalenoei/erfolge/trainer/9610,Iran,Iran,Iran,https://www.transfermarkt.com/iran/startseite/verein/3582,62.0,03 years 02 months 24 days,2026,True,https://www.transfermarkt.com/amir-ghalenoei/profil/spieler/872001,15,5,"1x Asian Cup participant, 1x CAFA Nations Cup winner, 6x AFC Champions League participant, 2x Iranian cup winner",False,12,13
Jesse Marsch,17275,https://www.transfermarkt.com/jesse-marsch/profil/trainer/17275,https://www.transfermarkt.com/jesse-marsch/erfolge/trainer/17275,United States,Canada,Canada,https://www.transfermarkt.com/kanada/startseite/verein/3510,52.0,02 years 23 days,2030,True,https://www.transfermarkt.com/jesse-marsch/profil/spieler/39477,15,8,"3x Manager of the Year, 2x Gold Cup participant, 1x Supporters' Shield Winner, 2x Austrian champion",True,34,13
Julian Nagelsmann,8402,https://www.transfermarkt.com/julian-nagelsmann/profil/trainer/8402,https://www.transfermarkt.com/julian-nagelsmann/erfolge/trainer/8402,Germany,Germany,Germany,https://www.transfermarkt.com/deutschland/startseite/verein/3262,38.0,02 years 08 months 21 days,2028,True,https://www.transfermarkt.com/julian-nagelsmann/profil/spieler/41119,15,11,"1x Manager of the Year, 1x Euro participant, 1x German Champion, 2x German Super Cup winner",False,48,13
Marcelo Bielsa,2553,https://www.transfermarkt.com/marcelo-bielsa/profil/trainer/2553,https://www.transfermarkt.com/marcelo-bielsa/erfolge/trainer/2553,Argentina,Uruguay,Uruguay,https://www.transfermarkt.com/uruguay/startseite/verein/3449,70.0,03 years 21 days,2025,False,,13,8,"1x World's Best national team Coach, 2x World Cup participant, 2x Olympic medalist, 1x English 2nd tier champion",True,5,16
Gustavo Alfaro,4871,https://www.transfermarkt.com/gustavo-alfaro/profil/trainer/4871,https://www.transfermarkt.com/gustavo-alfaro/erfolge/trainer/4871,Argentina,Paraguay,Paraguay,https://www.transfermarkt.com/paraguay/startseite/verein/3581,63.0,01 year 09 months 20 days,2026,False,,11,8,"1x World Cup participant, 2x Copa América participant, 1x Promotion to 1st league, 1x Copa Sudamericana winner",True,10,17
Julen Lopetegui,6615,https://www.transfermarkt.com/julen-lopetegui/profil/trainer/6615,https://www.transfermarkt.com/julen-lopetegui/erfolge/trainer/6615,Spain,Qatar,Qatar,https://www.transfermarkt.com/katar/startseite/verein/14162,59.0,01 year 01 month 05 days,2027,True,https://www.transfermarkt.com/julen-lopetegui/profil/spieler/101570,11,8,"1x Europa League winner, 1x European Under-19 participant, 1x European Under-21 participant, 1x Under-20 World Cup participant",True,18,17
Zlatko Dalic,2711,https://www.transfermarkt.com/zlatko-dalic/profil/trainer/2711,https://www.transfermarkt.com/zlatko-dalic/erfolge/trainer/2711,Croatia,Croatia,Croatia,https://www.transfermarkt.com/kroatien/startseite/verein/3556,59.0,08 years 07 months 29 days,2026,True,https://www.transfermarkt.com/zlatko-dalic/profil/spieler/251266,11,8,"2x World Cup participant, 2x Euro participant, 1x World Cup runner-up, 1x Saudi Crown Prince Cup Winner",False,18,17
Darren Bazeley,17293,https://www.transfermarkt.com/darren-bazeley/profil/trainer/17293,https://www.transfermarkt.com/darren-bazeley/erfolge/trainer/17293,England,New Zealand,New Zealand,https://www.transfermarkt.com/neuseeland/startseite/verein/9171,53.0,02 years 11 months 05 days,2026,True,https://www.transfermarkt.com/darren-bazeley/profil/spieler/13988,11,7,"1x Olympics participant, 3x OFC-U16/U17-Championship-Winner, 1x OFC Nations Cup winner, 2x Under-17 World Cup participant",True,31,17
Roberto Martínez,4328,https://www.transfermarkt.com/roberto-martinez/profil/trainer/4328,https://www.transfermarkt.com/roberto-martinez/erfolge/trainer/4328,Spain,Portugal,Portugal,https://www.transfermarkt.com/portugal/startseite/verein/3300,52.0,03 years 04 months 27 days,2026,True,https://www.transfermarkt.com/roberto-martinez/profil/spieler/50008,11,9,"2x World Cup participant, 2x Euro participant, 1x English FA Cup winner, 1x Winner UEFA Nations League",True,34,17
Rudi Garcia,1537,https://www.transfermarkt.com/rudi-garcia/profil/trainer/1537,https://www.transfermarkt.com/rudi-garcia/erfolge/trainer/1537,France,Belgium,Belgium,https://www.transfermarkt.com/belgien/startseite/verein/3382,62.0,01 year 04 months 12 days,2026,True,https://www.transfermarkt.com/rudi-garcia/profil/spieler/480359,10,5,"1x Manager of the Year, 1x French champion, 1x French cup winner, 4x Champions League participant",True,12,22
Murat Yakin,3240,https://www.transfermarkt.com/murat-yakin/profil/trainer/3240,https://www.transfermarkt.com/murat-yakin/erfolge/trainer/3240,Switzerland,Switzerland,Switzerland,https://www.transfermarkt.com/schweiz/startseite/verein/3384,51.0,04 years 09 months 27 days,2028,True,https://www.transfermarkt.com/murat-yakin/profil/spieler/27,10,8,"2x Manager of the Year, 1x World Cup participant, 1x Euro participant, 1x Promotion to 1st league",False,39,22
Luis de la Fuente,20031,https://www.transfermarkt.com/luis-de-la-fuente/profil/trainer/20031,https://www.transfermarkt.com/luis-de-la-fuente/erfolge/trainer/20031,Spain,Spain,Spain,https://www.transfermarkt.com/spanien/startseite/verein/3375,64.0,03 years 05 months 04 days,2028,True,https://www.transfermarkt.com/luis-de-la-fuente/profil/spieler/150670,9,9,"1x European champion, 1x Euro participant, 1x Olympics participant, 1x Winner UEFA Nations League",False,9,24
Mauricio Pochettino,9044,https://www.transfermarkt.com/mauricio-pochettino/profil/trainer/9044,https://www.transfermarkt.com/mauricio-pochettino/erfolge/trainer/9044,Argentina,United States,United States,https://www.transfermarkt.com/vereinigte-staaten/startseite/verein/3505,54.0,01 year 08 months 26 days,2026,True,https://www.transfermarkt.com/mauricio-pochettino/profil/spieler/4767,9,8,"1x French champion, 1x French cup winner, 1x French Super Cup winner, 1x Champions League runner-up",True,28,24
Myung-bo Hong,11564,https://www.transfermarkt.com/myung-bo-hong/profil/trainer/11564,https://www.transfermarkt.com/myung-bo-hong/erfolge/trainer/11564,"Korea, South",South Korea,South Korea,https://www.transfermarkt.com/sudkorea/startseite/verein/3589,57.0,01 year 10 months 28 days,2027,True,https://www.transfermarkt.com/myung-bo-hong/profil/spieler/101574,8,7,"1x Manager of the Year, 1x World Cup participant, 1x Olympics participant, 1x Under-20 World Cup participant",True,22,26
Thomas Christiansen,36659,https://www.transfermarkt.com/thomas-christiansen/profil/trainer/36659,https://www.transfermarkt.com/thomas-christiansen/erfolge/trainer/36659,Spain,Panama,Panama,https://www.transfermarkt.com/panama/startseite/verein/3577,53.0,05 years 10 months 14 days,2026,True,https://www.transfermarkt.com/thomas-christiansen/profil/spieler/722,8,6,"1x Copa América participant, 3x Gold Cup participant, 1x Gold Cup runner-up, 1x AFC Champions League participant",True,31,26
Graham Arnold,3342,https://www.transfermarkt.com/graham-arnold/profil/trainer/3342,https://www.transfermarkt.com/graham-arnold/erfolge/trainer/3342,Australia,Iraq,Iraq,https://www.transfermarkt.com/irak/startseite/verein/3560,62.0,01 year 27 days,?,True,https://www.transfermarkt.com/graham-arnold/profil/spieler/158582,7,5,"1x Olympics participant, 1x Asian Cup participant, 2x AFC Champions League participant, 2x Australian champion",True,12,28
Steve Clarke,2638,https://www.transfermarkt.com/steve-clarke/profil/trainer/2638,https://www.transfermarkt.com/steve-clarke/erfolge/trainer/2638,Scotland,Scotland,Scotland,https://www.transfermarkt.com/schottland/startseite/verein/3380,62.0,07 years 16 days,2030,True,https://www.transfermarkt.com/steve-clarke/profil/spieler/107084,7,4,"2x Manager of the Year, 2x Euro participant, 2x Champions League participant, 1x Europa League participant",False,12,28
Vladimir Petkovic,1315,https://www.transfermarkt.com/vladimir-petkovic/profil/trainer/1315,https://www.transfermarkt.com/vladimir-petkovic/erfolge/trainer/1315,Switzerland,Algeria,Algeria,https://www.transfermarkt.com/algerien/startseite/verein/3614,62.0,02 years 03 months 07 days,?,True,https://www.transfermarkt.com/vladimir-petkovic/profil/spieler/298118,7,5,"1x World Cup participant, 2x Euro participant, 1x Italian cup winner, 1x Africa Cup participant",True,12,28
Vincenzo Montella,11795,https://www.transfermarkt.com/vincenzo-montella/profil/trainer/11795,https://www.transfermarkt.com/vincenzo-montella/erfolge/trainer/11795,Italy,Turkiye,Turkey,https://www.transfermarkt.com/turkei/startseite/verein/3381,51.0,02 years 08 months 15 days,2028,True,https://www.transfermarkt.com/vincenzo-montella/profil/spieler/5960,7,5,"1x Euro participant, 1x Italian Super Cup winner, 1x Premio Enzo Bearzot, 2x Champions League participant",True,39,28
Sebastián Beccacece,34076,https://www.transfermarkt.com/sebastian-beccacece/profil/trainer/34076,https://www.transfermarkt.com/sebastian-beccacece/erfolge/trainer/34076,Argentina,Ecuador,Ecuador,https://www.transfermarkt.com/ecuador/startseite/verein/5750,45.0,01 year 10 months 04 days,2026,False,,7,6,"1x Copa América winner, 1x Relegated from 1st league, 1x Copa Sudamericana winner, 1x Recopa Sudamericana winner",True,45,28
Sabri Lamouchi,24207,https://www.transfermarkt.com/sabri-lamouchi/profil/trainer/24207,https://www.transfermarkt.com/sabri-lamouchi/erfolge/trainer/24207,France,Tunisia,Tunisia,https://www.transfermarkt.com/tunesien/startseite/verein/3670,54.0,04 months 22 days,2028,True,https://www.transfermarkt.com/sabri-lamouchi/profil/spieler/5872,6,5,"1x World Cup participant, 1x Africa Cup participant, 2x AFC Champions League participant, 1x Europa League participant",True,28,33
Sébastien Migné,3747,https://www.transfermarkt.com/sebastien-migne/profil/trainer/3747,https://www.transfermarkt.com/sebastien-migne/erfolge/trainer/3747,France,Haiti,Haiti,https://www.transfermarkt.com/haiti/startseite/verein/14161,53.0,02 years 02 months 28 days,?,False,,6,2,"1x Gold Cup participant, 5x Africa Cup participant",True,31,33
Tony Popovic,20038,https://www.transfermarkt.com/tony-popovic/profil/trainer/20038,https://www.transfermarkt.com/tony-popovic/erfolge/trainer/20038,Australia,Australia,Australia,https://www.transfermarkt.com/australien/startseite/verein/3433,52.0,01 year 08 months 13 days,2026,True,https://www.transfermarkt.com/tony-popovic/profil/spieler/14058,6,5,"1x Manager of the Year, 1x AFC Champions League winner, 2x AFC Champions League participant, 1x Australian cup winner",False,34,33
Lionel Scaloni,62271,https://www.transfermarkt.com/lionel-scaloni/profil/trainer/62271,https://www.transfermarkt.com/lionel-scaloni/erfolge/trainer/62271,Argentina,Argentina,Argentina,https://www.transfermarkt.com/argentinien/startseite/verein/3437,48.0,07 years 10 months 03 days,2026,True,https://www.transfermarkt.com/lionel-scaloni/profil/spieler/7499,6,4,"1x World Cup winner, 2x Copa América winner, 2x World's Best national team Coach, 1x CONMEBOL-UEFA Cup of Champions winner",False,44,33
Fabio Cannavaro,22575,https://www.transfermarkt.com/fabio-cannavaro/profil/trainer/22575,https://www.transfermarkt.com/fabio-cannavaro/erfolge/trainer/22575,Italy,Uzbekistan,Uzbekistan,https://www.transfermarkt.com/usbekistan/startseite/verein/3563,52.0,07 months 30 days,2026,True,https://www.transfermarkt.com/fabio-cannavaro/profil/spieler/5775,5,5,"1x Manager of the Year, 1x Promotion to 1st league, 1x Chinese champion, 1x China 2nd tier champion",True,34,37
Miroslav Koubek,9822,https://www.transfermarkt.com/miroslav-koubek/profil/trainer/9822,https://www.transfermarkt.com/miroslav-koubek/erfolge/trainer/9822,Czech Republic,Czechia,Czech Republic,https://www.transfermarkt.com/tschechien/startseite/verein/3445,74.0,05 months 17 days,2028,True,https://www.transfermarkt.com/miroslav-koubek/profil/spieler/717498,3,3,"1x Czech champion, 1x Czech 2nd Division Champion, 1x Conference League participant",True,2,38
Jamal Sellami,25573,https://www.transfermarkt.com/jamal-sellami/profil/trainer/25573,https://www.transfermarkt.com/jamal-sellami/erfolge/trainer/25573,Morocco,Jordan,Jordan,https://www.transfermarkt.com/jordanien/startseite/verein/15737,55.0,01 year 11 months 14 days,2027,True,https://www.transfermarkt.com/jamal-sellami/profil/spieler/103672,3,3,"1x Winner African Nations Championship, 1x Moroccan champion, 1x FIFA Club World Cup participant",True,27,38
Graham Potter,23954,https://www.transfermarkt.com/graham-potter/profil/trainer/23954,https://www.transfermarkt.com/graham-potter/erfolge/trainer/23954,England,Sweden,Sweden,https://www.transfermarkt.com/schweden/startseite/verein/3557,51.0,07 months 16 days,2030,True,https://www.transfermarkt.com/graham-potter/profil/spieler/224679,3,3,"1x Swedish cup winner, 1x Champions League participant, 1x Europa League participant",True,39,38
Sébastien Desabre,28090,https://www.transfermarkt.com/sebastien-desabre/profil/trainer/28090,https://www.transfermarkt.com/sebastien-desabre/erfolge/trainer/28090,France,Democratic Republic of the Congo,DR Congo,https://www.transfermarkt.com/demokratische-republik-kongo/startseite/verein/3854,49.0,03 years 09 months 29 days,2024,False,,3,2,"2x Africa Cup participant, 1x Tunisian Champion",True,42,38
Emerse Faé,63806,https://www.transfermarkt.com/emerse-fae/profil/trainer/63806,https://www.transfermarkt.com/emerse-fae/erfolge/trainer/63806,Cote d'Ivoire,Ivory Coast,Ivory Coast,https://www.transfermarkt.com/elfenbeinkuste/startseite/verein/3591,42.0,02 years 03 months 16 days,?,True,https://www.transfermarkt.com/emerse-fae/profil/spieler/12392,3,2,"1x Africa Cup winner, 2x Africa Cup participant",True,47,38
Bubista,84856,https://www.transfermarkt.com/bubista/profil/trainer/84856,https://www.transfermarkt.com/bubista/erfolge/trainer/84856,Cape Verde,Cape Verde,Cape Verde,https://www.transfermarkt.com/kap-verde/startseite/verein/4311,56.0,06 years 04 months 07 days,?,True,https://www.transfermarkt.com/bubista/profil/spieler/153234,2,1,2x Africa Cup participant,False,25,43
Sergej Barbarez,8649,https://www.transfermarkt.com/sergej-barbarez/profil/trainer/8649,https://www.transfermarkt.com/sergej-barbarez/erfolge/trainer/8649,Bosnia-Herzegovina,Bosnia-Herzegovina,Bosnia and Herzegovina,https://www.transfermarkt.com/bosnien-herzegowina/startseite/verein/3446,54.0,02 years 01 month 17 days,2028,True,https://www.transfermarkt.com/sergej-barbarez/profil/spieler/292,2,2,"1x World Cup participant, 1x Europa League participant",False,28,43
Mohamed Ouahbi,36751,https://www.transfermarkt.com/mohamed-ouahbi/profil/trainer/36751,https://www.transfermarkt.com/mohamed-ouahbi/erfolge/trainer/36751,Morocco,Morocco,Morocco,https://www.transfermarkt.com/marokko/startseite/verein/3575,49.0,03 months 00 days,?,False,,2,2,"1x Under-20 World Cup champion, 1x Europa League participant",False,42,43
Néstor Lorenzo,34086,https://www.transfermarkt.com/nestor-lorenzo/profil/trainer/34086,https://www.transfermarkt.com/nestor-lorenzo/erfolge/trainer/34086,Argentina,Colombia,Colombia,https://www.transfermarkt.com/kolumbien/startseite/verein/3816,60.0,03 years 10 months 27 days,2026,True,https://www.transfermarkt.com/nestor-lorenzo/profil/spieler/106977,1,1,1x Under-20 World Cup participant,True,17,46
Pape Thiaw,112222,https://www.transfermarkt.com/pape-thiaw/profil/trainer/112222,https://www.transfermarkt.com/pape-thiaw/erfolge/trainer/112222,Senegal,Senegal,Senegal,https://www.transfermarkt.com/senegal/startseite/verein/3499,45.0,01 year 05 months 23 days,?,True,https://www.transfermarkt.com/pape-thiaw/profil/spieler/3919,1,1,1x Winner African Nations Championship,False,45,46
Hossam Hassan,6120,https://www.transfermarkt.com/hossam-hassan/profil/trainer/6120,https://www.transfermarkt.com/hossam-hassan/erfolge/trainer/6120,Egypt,Egypt,Egypt,https://www.transfermarkt.com/agypten/startseite/verein/3672,59.0,02 years 03 months 30 days,?,True,https://www.transfermarkt.com/hossam-hassan/profil/spieler/38171,0,0,,False,18,48
