manager,country,nationality,title,count
Ståle Solbakken,Norway,Norway,Danish champion,8
Ronald Koeman,Netherlands,Netherlands,Champions League participant,7
Amir Ghalenoei,Iran,Iran,AFC Champions League participant,6
Amir Ghalenoei,Iran,Iran,Iranian champion,5
Carlo Ancelotti,Brazil,Italy,UEFA Champions League winner,5
Carlo Ancelotti,Brazil,Italy,Uefa Supercup winner,5
Ralf Rangnick,Austria,Germany,Champions League participant,5
Ralf Rangnick,Austria,Germany,Europa League participant,5
Sébastien Migné,Haiti,France,Africa Cup participant,5
Carlo Ancelotti,Brazil,Italy,World's Best Club Coach,4
Dick Advocaat,Curaçao,Netherlands,Dutch Super Cup winner,4
Dick Advocaat,Curaçao,Netherlands,Europa League participant,4
Didier Deschamps,France,France,French league cup winner,4
Hugo Broos,South Africa,Belgium,Manager of the Year,4
Julen Lopetegui,Qatar,Spain,Champions League participant,4
Marcelo Bielsa,Uruguay,Argentina,Argentinian champion,4
Rudi Garcia,Belgium,France,Champions League participant,4
Ståle Solbakken,Norway,Norway,Danish Cup Winner,4
Thomas Tuchel,England,Germany,Champions League participant,4
Carlo Ancelotti,Brazil,Italy,FIFA Club World Cup winner,3
Carlos Queiroz,Ghana,Portugal,World Cup participant,3
Carlos Queiroz,Ghana,Portugal,Champions League participant,3
Darren Bazeley,New Zealand,England,OFC-U16/U17-Championship-Winner,3
Dick Advocaat,Curaçao,Netherlands,Champions League participant,3
Didier Deschamps,France,France,World Cup participant,3
Didier Deschamps,France,France,Euro participant,3
Hajime Moriyasu,Japan,Japan,Manager of the Year,3
Hajime Moriyasu,Japan,Japan,Japanese champion,3
Hajime Moriyasu,Japan,Japan,Japanese Super Cup winner,3
Hugo Broos,South Africa,Belgium,Belgian champion,3
Javier Aguirre,Mexico,Mexico,Gold Cup participant,3
Jesse Marsch,Canada,United States,Manager of the Year,3
Julian Nagelsmann,Germany,Germany,Champions League participant,3
Ralf Rangnick,Austria,Germany,Promotion to 2nd league,3
Ronald Koeman,Netherlands,Netherlands,Dutch champion,3
Rudi Garcia,Belgium,France,Europa League participant,3
Thomas Christiansen,Panama,Spain,Gold Cup participant,3
Amir Ghalenoei,Iran,Iran,Iranian cup winner,2
Bubista,Cape Verde,Cape Verde,Africa Cup participant,2
Carlo Ancelotti,Brazil,Italy,Manager of the Year,2
Carlo Ancelotti,Brazil,Italy,Spanish champion,2
Carlo Ancelotti,Brazil,Italy,German Super Cup winner,2
Carlo Ancelotti,Brazil,Italy,Spanish cup winner,2
Carlo Ancelotti,Brazil,Italy,Spanish Super Cup winner,2
Carlos Queiroz,Ghana,Portugal,Africa Cup participant,2
Carlos Queiroz,Ghana,Portugal,Under-20 World Cup champion,2
Darren Bazeley,New Zealand,England,Under-17 World Cup participant,2
Darren Bazeley,New Zealand,England,New Zealand champion,2
Dick Advocaat,Curaçao,Netherlands,World Cup participant,2
Dick Advocaat,Curaçao,Netherlands,Euro participant,2
Dick Advocaat,Curaçao,Netherlands,Scottish champion,2
Dick Advocaat,Curaçao,Netherlands,Scottish cup winner,2
Didier Deschamps,France,France,Manager of the Year,2
Didier Deschamps,France,France,World's Best national team Coach,2
Didier Deschamps,France,France,French Super Cup winner,2
Emerse Faé,Ivory Coast,Cote d'Ivoire,Africa Cup participant,2
Georgios Donis,Saudi Arabia,Greece,Greek cup runner-up,2
Georgios Donis,Saudi Arabia,Greece,Champions League participant,2
Georgios Donis,Saudi Arabia,Greece,Europa League participant,2
Graham Arnold,Iraq,Australia,AFC Champions League participant,2
Graham Arnold,Iraq,Australia,Australian champion,2
Gustavo Alfaro,Paraguay,Argentina,Copa América participant,2
Gustavo Alfaro,Paraguay,Argentina,Argentinian champion,2
Gustavo Alfaro,Paraguay,Argentina,Campeón Supercopa Argentina,2
Hajime Moriyasu,Japan,Japan,Asian Cup participant,2
Hajime Moriyasu,Japan,Japan,East Asian Championship winner,2
Hugo Broos,South Africa,Belgium,Belgian cup winner,2
Hugo Broos,South Africa,Belgium,Africa Cup participant,2
Hugo Broos,South Africa,Belgium,Champions League participant,2
Javier Aguirre,Mexico,Mexico,Gold Cup winner,2
Javier Aguirre,Mexico,Mexico,World Cup participant,2
Javier Aguirre,Mexico,Mexico,CONCACAF Champions League participant,2
Jesse Marsch,Canada,United States,Gold Cup participant,2
Jesse Marsch,Canada,United States,Austrian champion,2
Jesse Marsch,Canada,United States,Austrian cup winner,2
Jesse Marsch,Canada,United States,Champions League participant,2
Jesse Marsch,Canada,United States,Europa League participant,2
Julian Nagelsmann,Germany,Germany,German Super Cup winner,2
Julian Nagelsmann,Germany,Germany,German Under-19 Bundesliga South/South-west champion,2
Lionel Scaloni,Argentina,Argentina,Copa América winner,2
Lionel Scaloni,Argentina,Argentina,World's Best national team Coach,2
Marcelo Bielsa,Uruguay,Argentina,World Cup participant,2
Marcelo Bielsa,Uruguay,Argentina,Olympic medalist,2
Mauricio Pochettino,United States,Argentina,Champions League participant,2
Murat Yakin,Switzerland,Switzerland,Manager of the Year,2
Murat Yakin,Switzerland,Switzerland,Swiss champion,2
Myung-bo Hong,South Korea,"Korea, South",South Korean champion,2
Ralf Rangnick,Austria,Germany,German cup runner-up,2
Ralf Rangnick,Austria,Germany,Promotion to 1st league,2
Ralf Rangnick,Austria,Germany,German Bundesliga runner-up,2
Ralf Rangnick,Austria,Germany,Austrian champion,2
Ralf Rangnick,Austria,Germany,Austrian cup winner,2
Roberto Martínez,Portugal,Spain,World Cup participant,2
Roberto Martínez,Portugal,Spain,Euro participant,2
Ronald Koeman,Netherlands,Netherlands,Spanish cup winner,2
Sabri Lamouchi,Tunisia,France,AFC Champions League participant,2
Sebastián Beccacece,Ecuador,Argentina,Chilean champion,2
Steve Clarke,Scotland,Scotland,Manager of the Year,2
Steve Clarke,Scotland,Scotland,Euro participant,2
Steve Clarke,Scotland,Scotland,Champions League participant,2
Ståle Solbakken,Norway,Norway,Manager of the Year,2
Ståle Solbakken,Norway,Norway,Champions League participant,2
Ståle Solbakken,Norway,Norway,Europa League participant,2
Sébastien Desabre,DR Congo,France,Africa Cup participant,2
Thomas Tuchel,England,Germany,French champion,2
Thomas Tuchel,England,Germany,French Super Cup winner,2
Thomas Tuchel,England,Germany,German Under-19 Bundesliga champion,2
Thomas Tuchel,England,Germany,German Super Cup runner-up,2
Thomas Tuchel,England,Germany,English FA Cup runner-up,2
Tony Popovic,Australia,Australia,AFC Champions League participant,2
Vincenzo Montella,Turkey,Italy,Champions League participant,2
Vincenzo Montella,Turkey,Italy,Europa League participant,2
Vladimir Petkovic,Algeria,Switzerland,Euro participant,2
Vladimir Petkovic,Algeria,Switzerland,Europa League participant,2
Zlatko Dalic,Croatia,Croatia,World Cup participant,2
Zlatko Dalic,Croatia,Croatia,Euro participant,2
Zlatko Dalic,Croatia,Croatia,AFC Champions League participant,2
Amir Ghalenoei,Iran,Iran,Asian Cup participant,1
Amir Ghalenoei,Iran,Iran,CAFA Nations Cup winner,1
Carlo Ancelotti,Brazil,Italy,UEFA Manager of the Year,1
Carlo Ancelotti,Brazil,Italy,FIFA Intercontinental Cup Winner,1
Carlo Ancelotti,Brazil,Italy,German Champion,1
Carlo Ancelotti,Brazil,Italy,English Champion,1
Carlo Ancelotti,Brazil,Italy,Italian champion,1
Carlo Ancelotti,Brazil,Italy,French champion,1
Carlo Ancelotti,Brazil,Italy,English FA Cup winner,1
Carlo Ancelotti,Brazil,Italy,Italian cup winner,1
Carlo Ancelotti,Brazil,Italy,English Super Cup winner,1
Carlo Ancelotti,Brazil,Italy,Italian Super Cup winner,1
Carlo Ancelotti,Brazil,Italy,Champions League runner-up,1
Carlo Ancelotti,Brazil,Italy,UI Cup winner,1
Carlo Ancelotti,Brazil,Italy,Premio Enzo Bearzot,1
Carlos Queiroz,Ghana,Portugal,Portuguese cup winner,1
Carlos Queiroz,Ghana,Portugal,Portuguese Super Cup winner,1
Carlos Queiroz,Ghana,Portugal,Gold Cup participant,1
Carlos Queiroz,Ghana,Portugal,Under-17 World Cup participant,1
Carlos Queiroz,Ghana,Portugal,Under-20 World Cup participant,1
Carlos Queiroz,Ghana,Portugal,Spanish Super Cup winner,1
Darren Bazeley,New Zealand,England,Olympics participant,1
Darren Bazeley,New Zealand,England,OFC Nations Cup winner,1
Darren Bazeley,New Zealand,England,Under-20 World Cup participant,1
Darren Bazeley,New Zealand,England,CONCACAF Champions League participant,1
Dick Advocaat,Curaçao,Netherlands,Uefa Cup winner,1
Dick Advocaat,Curaçao,Netherlands,Russian champion,1
Dick Advocaat,Curaçao,Netherlands,Russian Super Cup winner,1
Dick Advocaat,Curaçao,Netherlands,Dutch second tier champion,1
Dick Advocaat,Curaçao,Netherlands,Gold Cup participant,1
Dick Advocaat,Curaçao,Netherlands,Uefa Supercup winner,1
Dick Advocaat,Curaçao,Netherlands,Dutch Cup winner,1
Dick Advocaat,Curaçao,Netherlands,Dutch champion,1
Dick Advocaat,Curaçao,Netherlands,Scottish league cup winner,1
Didier Deschamps,France,France,World Cup winner,1
Didier Deschamps,France,France,French champion,1
Didier Deschamps,France,France,Winner UEFA Nations League,1
Didier Deschamps,France,France,World Cup runner-up,1
Didier Deschamps,France,France,Euro runner-up,1
Didier Deschamps,France,France,Champions League runner-up,1
Didier Deschamps,France,France,Promotion to 1st league,1
Emerse Faé,Ivory Coast,Cote d'Ivoire,Africa Cup winner,1
Fabio Cannavaro,Uzbekistan,Italy,Manager of the Year,1
Fabio Cannavaro,Uzbekistan,Italy,Promotion to 1st league,1
Fabio Cannavaro,Uzbekistan,Italy,Chinese champion,1
Fabio Cannavaro,Uzbekistan,Italy,China 2nd tier champion,1
Fabio Cannavaro,Uzbekistan,Italy,Chinese Super Cup winner,1
Georgios Donis,Saudi Arabia,Greece,Manager of the Year,1
Georgios Donis,Saudi Arabia,Greece,Saudi Crown Prince Cup Winner,1
Georgios Donis,Saudi Arabia,Greece,AFC Champions League participant,1
Georgios Donis,Saudi Arabia,Greece,Saudi Super Cup Winner,1
Georgios Donis,Saudi Arabia,Greece,Saudi Cup Winner,1
Georgios Donis,Saudi Arabia,Greece,Greek cup winner,1
Georgios Donis,Saudi Arabia,Greece,Greek second tier champion,1
Georgios Donis,Saudi Arabia,Greece,Greek Super Cup runner-up,1
Georgios Donis,Saudi Arabia,Greece,Cypriot cup winner,1
Georgios Donis,Saudi Arabia,Greece,Cypriot champions,1
Graham Arnold,Iraq,Australia,Olympics participant,1
Graham Arnold,Iraq,Australia,Asian Cup participant,1
Graham Arnold,Iraq,Australia,Australian cup winner,1
Graham Potter,Sweden,England,Swedish cup winner,1
Graham Potter,Sweden,England,Champions League participant,1
Graham Potter,Sweden,England,Europa League participant,1
Gustavo Alfaro,Paraguay,Argentina,World Cup participant,1
Gustavo Alfaro,Paraguay,Argentina,Promotion to 1st league,1
Gustavo Alfaro,Paraguay,Argentina,Copa Sudamericana winner,1
Gustavo Alfaro,Paraguay,Argentina,Argentinian Cup Winner,1
Gustavo Alfaro,Paraguay,Argentina,Campeón Primera Nacional,1
Hajime Moriyasu,Japan,Japan,World Cup participant,1
Hajime Moriyasu,Japan,Japan,Olympics participant,1
Hajime Moriyasu,Japan,Japan,Copa América participant,1
Hajime Moriyasu,Japan,Japan,Asian Cup runner-up,1
Hajime Moriyasu,Japan,Japan,AFC Champions League participant,1
Hajime Moriyasu,Japan,Japan,FIFA Club World Cup participant,1
Hugo Broos,South Africa,Belgium,Africa Cup winner,1
Hugo Broos,South Africa,Belgium,Confederations Cup participant,1
Hugo Broos,South Africa,Belgium,AFC Champions League participant,1
Hugo Broos,South Africa,Belgium,Belgian Second League Champion,1
Jamal Sellami,Jordan,Morocco,Winner African Nations Championship,1
Jamal Sellami,Jordan,Morocco,Moroccan champion,1
Jamal Sellami,Jordan,Morocco,FIFA Club World Cup participant,1
Javier Aguirre,Mexico,Mexico,CONCACAF Champions League winner,1
Javier Aguirre,Mexico,Mexico,Copa América participant,1
Javier Aguirre,Mexico,Mexico,CONCACAF Nations League Winner,1
Javier Aguirre,Mexico,Mexico,Asian Cup participant,1
Javier Aguirre,Mexico,Mexico,Africa Cup participant,1
Javier Aguirre,Mexico,Mexico,UI Cup winner,1
Javier Aguirre,Mexico,Mexico,Copa América runner-up,1
Javier Aguirre,Mexico,Mexico,AFC Champions League participant,1
Javier Aguirre,Mexico,Mexico,Mexican Champion Apertura,1
Javier Aguirre,Mexico,Mexico,UAE League Cup Winner,1
Javier Aguirre,Mexico,Mexico,Champions League participant,1
Javier Aguirre,Mexico,Mexico,FIFA Club World Cup participant,1
Jesse Marsch,Canada,United States,Supporters' Shield Winner,1
Jesse Marsch,Canada,United States,CONCACAF Champions League participant,1
Julen Lopetegui,Qatar,Spain,Europa League winner,1
Julen Lopetegui,Qatar,Spain,European Under-19 participant,1
Julen Lopetegui,Qatar,Spain,European Under-21 participant,1
Julen Lopetegui,Qatar,Spain,Under-20 World Cup participant,1
Julen Lopetegui,Qatar,Spain,European Under-19 champion,1
Julen Lopetegui,Qatar,Spain,European Under-21 champion,1
Julen Lopetegui,Qatar,Spain,Europa League participant,1
Julian Nagelsmann,Germany,Germany,Manager of the Year,1
Julian Nagelsmann,Germany,Germany,Euro participant,1
Julian Nagelsmann,Germany,Germany,German Champion,1
Julian Nagelsmann,Germany,Germany,German cup runner-up,1
Julian Nagelsmann,Germany,Germany,German Bundesliga runner-up,1
Julian Nagelsmann,Germany,Germany,German Under-19 Bundesliga champion,1
Julian Nagelsmann,Germany,Germany,Europa League participant,1
Julian Nagelsmann,Germany,Germany,VDV-Coach of the season,1
Lionel Scaloni,Argentina,Argentina,World Cup winner,1
Lionel Scaloni,Argentina,Argentina,CONMEBOL-UEFA Cup of Champions winner,1
Luis de la Fuente,Spain,Spain,European champion,1
Luis de la Fuente,Spain,Spain,Euro participant,1
Luis de la Fuente,Spain,Spain,Olympics participant,1
Luis de la Fuente,Spain,Spain,Winner UEFA Nations League,1
Luis de la Fuente,Spain,Spain,European Under-19 participant,1
Luis de la Fuente,Spain,Spain,European Under-21 participant,1
Luis de la Fuente,Spain,Spain,Second place at the Olympic Games,1
Luis de la Fuente,Spain,Spain,European Under-19 champion,1
Luis de la Fuente,Spain,Spain,European Under-21 champion,1
Marcelo Bielsa,Uruguay,Argentina,World's Best national team Coach,1
Marcelo Bielsa,Uruguay,Argentina,English 2nd tier champion,1
Marcelo Bielsa,Uruguay,Argentina,Copa América runner-up,1
Marcelo Bielsa,Uruguay,Argentina,Europa League participant,1
Marcelo Bielsa,Uruguay,Argentina,Europa League runner-up,1
Mauricio Pochettino,United States,Argentina,French champion,1
Mauricio Pochettino,United States,Argentina,French cup winner,1
Mauricio Pochettino,United States,Argentina,French Super Cup winner,1
Mauricio Pochettino,United States,Argentina,Champions League runner-up,1
Mauricio Pochettino,United States,Argentina,Gold Cup participant,1
Mauricio Pochettino,United States,Argentina,Gold Cup runner-up,1
Mauricio Pochettino,United States,Argentina,Europa League participant,1
Miroslav Koubek,Czech Republic,Czech Republic,Czech champion,1
Miroslav Koubek,Czech Republic,Czech Republic,Czech 2nd Division Champion,1
Miroslav Koubek,Czech Republic,Czech Republic,Conference League participant,1
Mohamed Ouahbi,Morocco,Morocco,Under-20 World Cup champion,1
Mohamed Ouahbi,Morocco,Morocco,Europa League participant,1
Murat Yakin,Switzerland,Switzerland,World Cup participant,1
Murat Yakin,Switzerland,Switzerland,Euro participant,1
Murat Yakin,Switzerland,Switzerland,Promotion to 1st league,1
Murat Yakin,Switzerland,Switzerland,Swiss 2nd tier champion,1
Murat Yakin,Switzerland,Switzerland,Champions League participant,1
Murat Yakin,Switzerland,Switzerland,Europa League participant,1
Myung-bo Hong,South Korea,"Korea, South",Manager of the Year,1
Myung-bo Hong,South Korea,"Korea, South",World Cup participant,1
Myung-bo Hong,South Korea,"Korea, South",Olympics participant,1
Myung-bo Hong,South Korea,"Korea, South",Under-20 World Cup participant,1
Myung-bo Hong,South Korea,"Korea, South",AFC Champions League participant,1
Myung-bo Hong,South Korea,"Korea, South",FIFA Club World Cup participant,1
Néstor Lorenzo,Colombia,Argentina,Under-20 World Cup participant,1
Pape Thiaw,Senegal,Senegal,Winner African Nations Championship,1
Ralf Rangnick,Austria,Germany,Euro participant,1
Ralf Rangnick,Austria,Germany,German cup winner,1
Ralf Rangnick,Austria,Germany,German Super Cup winner,1
Ralf Rangnick,Austria,Germany,German second tier champion,1
Ralf Rangnick,Austria,Germany,Promotion to 3rd league,1
Ralf Rangnick,Austria,Germany,German Under-19 Bundesliga champion,1
Ralf Rangnick,Austria,Germany,UI Cup winner,1
Ralf Rangnick,Austria,Germany,German League Cup winner,1
Ralf Rangnick,Austria,Germany,Wurttemberg Cup winner,1
Roberto Martínez,Portugal,Spain,English FA Cup winner,1
Roberto Martínez,Portugal,Spain,Winner UEFA Nations League,1
Roberto Martínez,Portugal,Spain,Promotion to 2nd league,1
Roberto Martínez,Portugal,Spain,Relegated from 1st league,1
Roberto Martínez,Portugal,Spain,English 3rd tier champion,1
Roberto Martínez,Portugal,Spain,World Cup third place,1
Roberto Martínez,Portugal,Spain,Europa League participant,1
Ronald Koeman,Netherlands,Netherlands,Euro participant,1
Ronald Koeman,Netherlands,Netherlands,Dutch Super Cup winner,1
Ronald Koeman,Netherlands,Netherlands,Portuguese Super Cup winner,1
Ronald Koeman,Netherlands,Netherlands,Dutch Cup winner,1
Ronald Koeman,Netherlands,Netherlands,Europa League participant,1
Rudi Garcia,Belgium,France,Manager of the Year,1
Rudi Garcia,Belgium,France,French champion,1
Rudi Garcia,Belgium,France,French cup winner,1
Sabri Lamouchi,Tunisia,France,World Cup participant,1
Sabri Lamouchi,Tunisia,France,Africa Cup participant,1
Sabri Lamouchi,Tunisia,France,Europa League participant,1
Sabri Lamouchi,Tunisia,France,FIFA Club World Cup participant,1
Sebastián Beccacece,Ecuador,Argentina,Copa América winner,1
Sebastián Beccacece,Ecuador,Argentina,Relegated from 1st league,1
Sebastián Beccacece,Ecuador,Argentina,Copa Sudamericana winner,1
Sebastián Beccacece,Ecuador,Argentina,Recopa Sudamericana winner,1
Sebastián Beccacece,Ecuador,Argentina,Chilean Cup Winner,1
Sergej Barbarez,Bosnia and Herzegovina,Bosnia-Herzegovina,World Cup participant,1
Sergej Barbarez,Bosnia and Herzegovina,Bosnia-Herzegovina,Europa League participant,1
Steve Clarke,Scotland,Scotland,Europa League participant,1
Ståle Solbakken,Norway,Norway,Royal League winner,1
Sébastien Desabre,DR Congo,France,Tunisian Champion,1
Sébastien Migné,Haiti,France,Gold Cup participant,1
Thomas Christiansen,Panama,Spain,Copa América participant,1
Thomas Christiansen,Panama,Spain,Gold Cup runner-up,1
Thomas Christiansen,Panama,Spain,AFC Champions League participant,1
Thomas Christiansen,Panama,Spain,Cypriot champions,1
Thomas Christiansen,Panama,Spain,Europa League participant,1
Thomas Tuchel,England,Germany,World's Best Club Coach,1
Thomas Tuchel,England,Germany,Manager of the Year,1
Thomas Tuchel,England,Germany,UEFA Manager of the Year,1
Thomas Tuchel,England,Germany,UEFA Champions League winner,1
Thomas Tuchel,England,Germany,FIFA Club World Cup winner,1
Thomas Tuchel,England,Germany,German Champion,1
Thomas Tuchel,England,Germany,German cup winner,1
Thomas Tuchel,England,Germany,French cup winner,1
Thomas Tuchel,England,Germany,French league cup winner,1
Thomas Tuchel,England,Germany,German cup runner-up,1
Thomas Tuchel,England,Germany,Champions League runner-up,1
Thomas Tuchel,England,Germany,German Bundesliga runner-up,1
Thomas Tuchel,England,Germany,English League Cup runner-up,1
Thomas Tuchel,England,Germany,Uefa Supercup winner,1
Thomas Tuchel,England,Germany,Europa League participant,1
Thomas Tuchel,England,Germany,FIFA Club World Cup participant,1
Thomas Tuchel,England,Germany,VDV-Coach of the season,1
Tony Popovic,Australia,Australia,Manager of the Year,1
Tony Popovic,Australia,Australia,AFC Champions League winner,1
Tony Popovic,Australia,Australia,Australian cup winner,1
Tony Popovic,Australia,Australia,FIFA Club World Cup participant,1
Vincenzo Montella,Turkey,Italy,Euro participant,1
Vincenzo Montella,Turkey,Italy,Italian Super Cup winner,1
Vincenzo Montella,Turkey,Italy,Premio Enzo Bearzot,1
Vladimir Petkovic,Algeria,Switzerland,World Cup participant,1
Vladimir Petkovic,Algeria,Switzerland,Italian cup winner,1
Vladimir Petkovic,Algeria,Switzerland,Africa Cup participant,1
Zlatko Dalic,Croatia,Croatia,World Cup runner-up,1
Zlatko Dalic,Croatia,Croatia,Saudi Crown Prince Cup Winner,1
Zlatko Dalic,Croatia,Croatia,World Cup third place,1
Zlatko Dalic,Croatia,Croatia,Albanian Super Cup winner,1
Zlatko Dalic,Croatia,Croatia,UAE Champion,1
